Seq,DateListed,Name,Ethnic,Region,Access,TravelItinerary,TouristSeason,TravelDays,TravelCharacteristics,TribeInformation,ImportantRite,Greetings,AssociationPopulation,CostPerPerson,Accommodation,Group
1,"20130901","老地方展新魅力—台東部落逍遙遊","魯凱族、排灣族","臺東縣金峰鄉、太麻里鄉、卑南鄉、臺東市","","一日遊：屏東縣→達仁鄉→大武鄉→多良向陽薪傳木工坊→金崙溫泉→88希望文創園區→千禧曙光紀念公園→嘉蘭部落（嘉蘭國小、嘉蘭第一基地）→撒布優部落（八大頭目巡禮、原愛布、木工坊）→知本溫泉區（知本森林遊樂區）→知本火車站","","一個太陽"," 多良火車站／多良向陽薪傳木工坊    沿著浩瀚太平洋與海岸山脈，多良火車站原為南迴線上供單線列車交會之用，雖然2006年已廢站，但採架高設計的車站可鳥瞰太平洋、欣賞綿延的山勢，被鐵道迷譽為「臺灣最美的火車站」。車站上方的多良向陽薪傳木工坊，是大溪國小多良分校舊址，培訓部落青年以漂流木製作文創工藝品，是創意發想基地。 大武山、金崙溫泉:中央山脈主脊最南端的大武山是臺灣五嶽之一，被魯凱族與排灣族視為祖靈居住地；山下的大武山自然教育中心，提供詳細的生態導覽，讓旅客深度瞭解大武山的重要生態資源。再往山裡去，可遇見金崙溪旁的金崙溫泉，只見河床旁冒出滾滾熱泉與冰涼溪水形成奇特景觀；泉水屬弱鹼性碳酸氫鈉泉，無色透明且稍帶硫磺味，洗後膚質滑嫩。 達魯瑪克部落    達魯瑪克（Taromak）是魯凱族群居的東興村，也是臺東縣內唯一的魯凱族生活區，又稱大南魯凱，其特殊的族群文化藝術展現，適合安排一至兩天的部落文化探訪。體驗方式多元，可從守護神祈福、參觀火災紀念碑、東魯凱文物館開始，沿著部落內的桑樹溪，認識荷蘭人與達魯瑪克歷史，再前往頭目家屋、祖靈屋，品嚐魯凱族風味餐，或者是體驗手工藝、衣飾文化、小米農耕與採集文化等。二日遊為預約制，務必事先預約才能享受美好行程。","","","","","","","2013年60條原住民族深度旅遊路線"
2,"20130901","花東縱谷單車人文旅行-鄉村、溫泉、部落","阿美族、撒奇萊雅族、布農族、卑南族","花蓮縣、台東縣","","第一天：花蓮火車站德固灣撒奇萊雅文化廣場、撒奇萊雅酒莊吉安鄉七腳川部落慶修院(七腳川事件與日本移民村）東華大學鳳林老樹光復糖廠校長夢工廠-馬太鞍部落紅瓦屋石煮野菜、下午茶富源（拔仔庄）瑞穗溫泉SPA【早餐：自理  午餐：便當＋水果 晚餐：瑞穗在地美食 (公里數:約90公里)】第二天：瑞穗泛舟遊客中心（單車學校）瑞穗大橋麻汝稻田鄉間小路高寮(赤科山金針花與火龍果)東豐社區有機田 長良古風社區(布農族部落)富里農會花海大波國小池上斷層伯朗咖啡大道關山環鎮自行車道分享之夜（單車VCR）【早餐：自助式早餐  午餐：便當＋水果　 晚餐：關山在地美食(公里數:約90公里)】第三天：武陵綠色隧道永安部落（武陵外役監與峽谷斷橋）龍田移民村、躺馬路(阿度導覽解說)高臺茶園、飛行傘基地鹿鳴橋(紅業村與紅葉少棒的故事)龍過脈部落卑南文化公園(卑南文化遺址)琵琶壺、活水湖、南島文化公園臺東火車站（機場）【早餐：自助式早餐  午餐：愛嬌姨茶餐  晚餐：卑南包子或鐵頭大魚丸燒(公里數:約55公里)】","","三個太陽二個月亮"," 花東縱谷線    如德固灣撒奇萊雅文化廣場、撒奇萊雅酒莊+吉安鄉七腳川部落+慶修院(七腳川事件與日本移民村）、大波國小池上斷層、關山環鎮自行車道、永安部落（武陵外役監與峽谷斷橋）、龍田移民村、高臺茶園、飛行傘基地、卑南文化公園(卑南文化遺址)等","","","","","","","2013年60條原住民族深度旅遊路線"
3,"20130901","阿美族巴歌浪舞動之夜~水梯田海稻米、米粑流藝術村","阿美族、太魯閣族、噶瑪蘭族、撒奇萊雅族","花蓮縣鳳林鎮、豐濱鄉、新城鄉","","第一天：花蓮火車站→箭瑛大橋(1977年兩位老師的故事) →海岸山脈的桃花源→吉拉卡樣(山興部落) →太巴塱阿美族發源地(阿美族祖源與史前石器文物) →沙娃綠岸下午茶+頸環DIY→阿美族巴歌浪舞動之夜【早餐：自理  午餐：「山興部落廚房野菜饗宴」或「四代務農餐坊」  晚餐：「沙娃綠岸」或「陶甕春天百合」或「升火工作室」】第二天：水梯田海稻米的天空與幸福(找回土地的生命，找回人與人互動的心，當花東海岸土地不斷被BOT、政府徵收、族人賣地，68戶居民約定不要休耕、不要賣地) →米粑流藝術村(駐村藝術家創作分享) →新社部落(噶瑪蘭族)-葛都桑音樂工作室+獵人學校→有臺灣原住民LV包品牌之稱的Yuli Taki工作妨→花蓮(新城)火車站【早餐：部落早餐  午餐：櫻花田野養生無毒農業火鍋餐  晚餐：自理】","","兩個太陽一個月亮"," 米粑流藝術村新微型產業 部落自主散發魅力：林務局表示，石梯坪水梯田溼地特色農產品，已逐漸形成完整的部落微型產業鏈。獨立工作者夏黎明在〈新微型產業 東台灣出路〉所稱的「新微型產業」，也很適合用來形容港口部落。http://e-info.org.tw/node/81746花蓮縣豐濱鄉石梯坪，這片海岸山脈與太平洋環抱的這片水田大地，在港口部落邦查農民與藝術家，以及林務局保育組、花蓮農改場專家的合作下，像是畫布一般，重新妝點起金黃的稻穗、流動的活水、港口邦查的技藝，與互助合作的米粑流精神。http://www.newsmarket.com.tw/blog/21332/ 葛都桑音樂工作室+獵人學校    流落時空的紋面戰士─彼得洛．烏嘎:因為家庭因素，彼得洛．烏嘎從小生長在台北烏來山區。就其生命歷程而論，與其討論其所僅受的三年國民教育，勿寧訴說其所讀的書─一本台灣山林與精靈的生態之書。學習狩獵技巧，與當地紋面長者成為「忘年獵友」是他成長的山林生活。他就如此耳濡目染，浸淫在高山紋面民族的文化當中。及至青春期階段，因經濟考量，曾在台北木雕工坊當過年餘學徒，習得木雕的技巧。成年後在親友的鼓勵下參加台視五燈獎歌唱競賽。出乎意料的驚喜發生了，族語比國語流利的彼得洛終於獲得國語演唱五度五關擂臺冠軍。    但是彼得洛．烏嘎沒有因此踏入演藝圈，反而本著尋根的心念回到故鄉佳民村。他一方面繼續從事游泳池救生員工作，另一方面進行文化復振工作，成立葛都桑音樂工作室（「葛都桑」的意思是復活、重生或歷劫餘生，此名稱的由來取自發生在佳民村的歷史事件），並擔任工作室負責人。http://tw.streetvoice.com/writing/sjdelo/article/1316415/","","","","","","","2013年60條原住民族深度旅遊路線"
4,"20130901","南臺灣原鄉部落騎遇記(挑戰級)","排灣族","高雄市、屏東縣","","第一天：高鐵左營站專車接送美濃人字山莊→109線道美濃自行車道→鍾理和紀念館→東門樓→美濃自行車道→竹子門發電廠→新威森林→新威大橋→大津橋→高樹鄉自行車道→青山部落→馬兒部落→沿山自行車道(南臺灣著名最挑戰車道) →達卡蘭部落(綠色隧道、頭目家族文物館) →賽嘉部落→三地門地摩兒水門之夜【早餐：自理  午餐：美濃美綠緣生態農場客家風味  晚餐：排灣族勇士宴】《公里數:約70公里》第二天：藝術家參訪(排灣族貴族贈送幸運之珠) →涼山部落→185線道→吉貝木棉林→泰武國小(古謠傳唱隊)、吾拉魯姿部落→萬金天主堂→來義國小→古樓(伏流水工程) →屏鵝公路→車城→琉球番民墓→四重溪溫泉→分享之夜(單車VCR)【早餐：自助早餐  午餐：便當+水果  晚餐：洋蔥+鴨蛋風味餐或排灣族BBQ】《公里數：約105公里》第三天：石門古戰場→牡丹水庫→牡丹國小→199線道→旭海村→26線道→九鵬永久屋基地→港仔村→響林村→長興國小滿洲鄉(人文古厝、海角七號場景)→風吹砂→鵝巒鼻國境之南→統一渡假村梳洗→恆春專車接送高雄左營站【早餐：自助早餐  午餐：便當+鮮魚湯+水果  晚餐：便當(包子)】《公里數：約80公里》","","三個太陽二個月亮"," 新威森林    新威森林公園位於台28線45km處，在荖濃溪西岸的台地上，本為荖濃溪舊河床的一部份，後來因土質優良而建為苗圃，居民稱為「坪頂」。佔地30甲，以種植樹苗為主，培植的樣種多達 200餘種，為全台最大的苗圃之一。現已改為森林公園，由茂林國家風景區管理處經營。裡面樹林成蔭，春夏綠意盎然，其中以桃花心木、竹子、杉木最多。其中有一條桃花心木大道，周邊綠樹成陰，冬末初春時，桃花心木的綠葉會呈現紅黃色，加上鋪滿小徑的落葉，景色顯得詩情畫意。 那成排的林木所延伸而成的天然長廊，有著異國風情，常吸引許多情侶前來散步，也是許多新人拍攝婚紗指定的地點。 沿山自行車道：南臺灣著名最挑戰車道。 石門古戰場    位於屏東縣牡丹鄉與車城鄉交界處，距離四重溪東北方大約3公里，是恆春半島歷史景點之一。清同治10年（1871年)，琉球國船隻漂流至今日牡丹鄉附近，琉球船員被當地原住民殺害，即宮古島民台灣遇害事件，當時琉球國同時向清朝和日本朝貢，故日本政府派兵前往事發地點，遂於1874年以「懲辦凶手」為由向當地原住民交戰之處。 長興國小滿洲鄉：人文古厝、海角七號場景。","","","","","","","2013年60條原住民族深度旅遊路線"
5,"20130901","茂林紫斑蝶禮納里部落體驗二日遊","魯凱族排灣族","屏東縣三地門鄉、瑪家鄉","","第一天：台北火車站→禮納里原住民風味餐→禮納里好茶部落（好茶、瑪家、大社）巡禮專人導覽→三地門（工藝步道、地磨兒公園、文化館、琉璃珠DIY）→夜宿六龜第二天：十八羅漢山→茂林生態公園賞紫斑蝶→茂林風味午餐→新威大橋、新威森林公園","","兩個太陽一個月亮"," 茂林生態園區    當冬日清晨，第一道屬光降臨於茂林紫蝶幽谷時，我們發現沉睡中的紫斑蝶被喚醒，並開始熱烈的追逐這娜穿透樹冠、林間投射的光線，食而一動也不動的展示著他的幻色彩衣，時而高高低低的在山谷裡穿梭飛行，不僅為遊客提供一個最佳的生態旅遊去處之外，也為冬日帶來些許暖意。 禮納里部落    由世界展望會主導的部落，分別安置來屏東瑪家村、三地門鄉大社村、與霧台鄉好茶村三部落，有近一千五百位居民。其中瑪家村運用百步蛇圖騰與陶甕藝品的文化元素設計部落的入口處。 三地門鄉文化館    排灣族人認為琉璃珠具有天神與祖靈的力量，常做為結婚的聘禮、喪葬的陪葬品，更是頭目的傳家寶。珠上的圖案有不同的象徵，其中的勇士之珠則為頭目賦與男性的英勇的表徵。","","","","","","","2013年60條原住民族深度旅遊路線"
6,"20130901","苗栗泰雅原鄉產業一日遊","泰雅族","苗栗縣","","一日遊：苗栗泰安鄉→司馬限市集→麥路豐市集→麻必浩市集→士林部落市集→士林水壩→泰雅染織文化園區、野桐工坊→象鼻部落巡禮→往卓蘭方向賦歸【早餐：自理  午餐：多乃雕刻工作坊】","",""," 士林水壩    「士林水壩」位於台中縣桃山部落通往泰安鄉士林村的入口，士林水壩不單純是攔沙壩，也可供發電廠發電，並放流水注入鯉魚潭水庫，作為下游的民生用水。而上遊與鄰近山頭互相輝映，湖光山色令人心曠神怡，大壩旁設有全國首座生態魚梯魚道。 泰雅染織文化園區、野桐工坊    工坊以傳統服飾研究分析及製作為主要內容，其他生活織品織研發與製作販售為輔，工坊創辦人尤瑪.達陸也參加公共藝術創作。 泰安鄉部落假日市集    不同於一般傳統攤商市集的氛圍，苗栗縣泰安鄉部落假日市集主要推廣優質、特色的部落產業，發揮原民傳統互助與共享的精神，帶動部落整體觀光產業發展。","","","","","","","2013年60條原住民族深度旅遊路線"
7,"20130901","烏來福山部落悠遊行~溪流德拉楠．巧遇馬告香","泰雅族","新北市","","一日遊:烏來出發 → 五重溪瀑布 → 水圳步道散步趣 →蝴蝶公園→部落餐坊(中餐) →大羅蘭溪畔品馬告→福山國小→部落巡禮→慕懷樹.斯卡蓋搭啦，返回烏來","","一個太陽"," 五重溪瀑布    瀧瀧水流聲在山谷裡響動，山壁內凹處一瀲白泉在重重岩層中舞動，五重溪溪水在公路旁層疊而下，水龍穿越馬路直下南勢溪溪谷，隱入深深谷中，「蘭吼」之名似乎更貼切水勢之實；柔水日日雕琢著山石，二者歷經多少歲月拉鋸，才琢磨出今日的模樣？且停停腳步，聆聽天上之水與萬古岩層的對話。 水圳步道散步趣-蝴蝶公園    大羅蘭溪左岸有條清澈水流，最早是日治時期開鑿的水圳，為的是教導泰雅族人種植水稻，如今部落裡不見水田，水圳依然暢流，滋潤圳邊土地，豐饒的養分成了蜻蜓、蝴蝶、青蛙及溪谷環境植物的樂活天堂，綠意遮蔭的步道十分平坦，行走一趟，習族人的智慧，享天然的SPA。 福山國小    迷你的幸福小學，座落在青山懷抱中；百年的小學校，與泰雅文化息息相關，Yavi.Puna「亞維‧布納」在校園裡守護著祂的子民；校門口有個小小的生態園區，有池有瀑，遍植水、陸生植物，蛙鳴不斷，園中藏著幾座雕塑，泰雅的傳統文化就刻印在巨石上。 李茂岸「rmuang」部落巡禮    李茂岸「rmuang」，眾人聚集之地；三溪匯流的沖積地，是山中難得的平坦地，日治時期水田畦畦，曾是烏來地區勢力最大的部落，也是昔時宜蘭、桃園、烏來泰雅部落的社交聚集地。今日，幾排簡單的屋子，或開或休的雜貨店，分屬天主堂、長老教會的教堂，寧靜悠閒地讓人不禁佇足，彷彿時間就此凝結，放慢腳步，在這裡，享受簡單慢活的幸福。","","","","","","","2013年60條原住民族深度旅遊路線"
8,"20130901","探尋祕境禮納里部落二日遊","魯凱族排灣族","屏東縣","","第一天：台北火車站→(中餐)禮納里風味餐→禮納里部落專人導覽→吾拉魯茲部落（咖啡產業館、泰小石板屋）→原住民風味晚餐→夜宿泰武(太武山+逍遙山莊)第二天：泰武部落專人導覽→三地門鄉(工藝步道、地磨兒公園、文化館、琉璃珠DIY)→三地門風味午餐→賦歸","","兩個太陽一個月亮"," 禮納里部落    由世界展望會主導的部落，分別安置來屏東瑪家村、三地門鄉大社村、與霧台鄉好茶村三部落，有近一千五百位居民。其中瑪家村運用百步蛇圖騰與陶甕藝品的文化元素設計部落的入口處。 三地門鄉文化館    排灣族人認為琉璃珠具有天神與祖靈的力量，常做為結婚的聘禮、喪葬的陪葬品，更是頭目的傳家寶。珠上的圖案有不同的象徵，其中的勇士之珠則為頭目賦與男性的英勇的表徵。 吾拉魯茲部落    吾拉魯茲部落永久屋座落在萬巒鄉新赤農場，開發總面積約10.08公頃，由紅十字會元件118戶，住要安置泰武村民，歷時8個月終於完工，分為28坪及34坪二種坪數，採單斜面屋頂和仿石板搭配設計，融合菱形圓形瑩在當地原住民建築特色。","","","","","","","2013年60條原住民族深度旅遊路線"
9,"20130901","渡邊吉海秧~大農大富平地森林單車遊","阿美族","花蓮縣光復鄉、壽豐鄉","","第一天：花蓮火車站→馬太鞍溪無毒農場→大農大富平地森林單車遊→太巴塱部落祖靈屋(祭祀祖先、太陽神、月亮神)、沙娃衣冠塚與馬佛古戰場(卑南族與太巴塱、奇美阿美族人近200人，為營救阿美族沙娃公主引起事件)→「大地廚房」大灶飯與稻草桶仔雞→「迎賓之夜」歌舞或「阿道行動藝術」【早餐：自理  午餐：渡邊吉海秧  晚餐：阿山大地廚房】第二天：小農謝新福家「穀倉旁的新米早餐」→體驗馬佛教會原住民語禮拜→加里洞部落(小農米場與香茅油廠參觀體驗)→鳳林日式煙樓-鯉魚潭樹屋下午茶→慶修院(七腳川事件與日本移民村) →花蓮火車站【早餐：自理  午餐：山興部落廚房或月蘆客家風味餐  晚餐：自理】","","兩個太陽一個月亮"," 馬太鞍溪無毒農場~回家種田    阿昌五年前從臺北返鄉(太巴塱)，利用家鄉豐沛水源和純淨的水質，投入無毒農業的發展，用有機肥改變土壤的酸鹼值，休耕期間灑下油麻菜種仔當堆肥，大片的油菜花田倒成了過年期間的花海，經4~5年改良，栽培出高纖維低熱量的養生米。","","","","","","","2013年60條原住民族深度旅遊路線"
10,"20130901","嘎色鬧泰雅農夫~竹頭角木琴樂舞一日遊","泰雅族","桃園縣","","一日遊：桃園縣復興鄉→桃園縣原住民文化會館→樂信瓦旦紀念公園→嘎色鬧部落廚房風味餐→嘎色鬧部落有機蔬果DIY→竹頭角泰雅木琴樂舞展演→那山咖啡下午茶(迪瓦斯的故事)→斯嘎蓋打啦(回程)","","一個太陽"," 桃園縣原住民文化會館每周演出5天的駐館皆有原住民歌舞表演團隊表演迎賓歌舞，並可與原住民駐村藝術家互動，由藝術家創作解說如:泰雅紋面與織布藝術 樂信瓦旦紀念公園紀念白色恐怖時代泰雅族政治受難者，樂信‧瓦旦(漢名林瑞昌)是泰雅族人，是戰後第一位山地籍省議員、是泰雅族領袖、也是最早受現代醫學教育的泰雅族人，在交替的年代與鄒族鄉長高一生一樣在白色恐怖時代，被犧牲了，記錄了重要的歷史見證。 嘎色鬧部落    嘎色鬧以豐富的自然資源為傲，尤其是在冬天時節，常常被山嵐霧氣所籠罩，因此孕育著豐富的野生動物以及獨特的山林植物，在教會牧師帶領下居民自行栽種蔬果農作，包含五月桃、綠竹筍、高山蔬菜、生薑…等，提供就近都會友人農夫耕植體驗樂趣。 竹頭角部落    泰雅族的古老傳說您聽過嗎？從不會看譜到會看豆芽樂譜，樂團們僅花兩個月就學會，竹頭角部落的美景，竹頭角木琴樂舞，等著您來鑑賞。    竹頭角部落」的地理環境:東邊群山環抱，西邊緊臨石門水庫。用山光水色、美不勝收來形容「竹頭角部落」的美，好像還不夠道盡她的ㄧ切！部落裡住著一群泰雅族人,原本知命惜福的快樂居住在此，因政府興建石門水庫工程，住在水庫集水區的族人被迫遷村，離開了世代居住的家園 ! 經過數次部落會議廣泛的討論，族人們取得共識認為:「竹頭角部落」的未來，應該要以泰雅文化元素發展休閒、遊憩觀光產業，來成為部落居民未來生活主要的經濟命脈，如此才能達到在地就業、並永續就業的目的。因此，族人們開始對部落環境產生關心，引發起如何讓部落產業再造並落實的念頭與決心。凝聚部落居民向心力，來建立善良、溫馨的人際關係及生活環境品質的提昇，透過居民對公共事務的關心，來營造清潔、舒適的生活環境、進一步要來創造部落文化、休閒、遊憩產業的特色，增加部落活力，讓大家共同的夢想早日實現。因此泰雅文化、生活全方位體驗園區建置計畫，是竹頭角部落居民努力執行的重點。","","","","","","","2013年60條原住民族深度旅遊路線"
11,"20130901","學習土地倫理~巒山森林博物館","布農族","臺東縣延平鄉、海端鄉","","第一天：海端鄉(布農族文物館) →拉瑪達星星雕塑像(布農族抗日英雄) →-南橫東段精華(霧鹿部落、古炮臺、霧鹿國小、霧鹿事件) →霧鹿古道、溫泉→延平鄉紅葉少棒紀念館→布農部落→鸞山森林博物館→夜間觀察、大自然的交響樂章【早餐：自理  午餐：天龍飯店  晚餐：森林博物館(自己劈柴煮飯)】第二天：森林早餐→向土地、森林學習(生態智慧教育、獵人學校、布農族古老傳說、整地、種樹或農作物→森林午餐→駐村藝術家參訪~九鳥陶燒→鹿野火車站 【早餐：森林早餐  午餐：森林野味餐  晚餐：自理】","","兩個太陽一個月亮"," 走訪東部布農族郡社群~南橫東段部落風景，探訪1943年黑澤隆朝採集布農歌謠~祈禱小米豐收歌(八部合音)的原鄉，歷史事件與族人遷移史。 重回1968年紅葉少棒打敗日本和歌山明星棒球的故事，它是臺灣棒球王國關鍵點，也是起點，那些紅葉小將的故事您知道嗎?他們在那裏? 駐村藝術家~九鳥陶燒，廖光亮帶您進入原住民的陶藝世界。 阿力曼自東華大學研究所畢業後，回到故鄉巒山，成立一個連地標都沒有的森林博物館，向土地學習一顆尊敬、謙卑的心，在森林裏您試著去聆聽，去攀爬，去感受森林為人類所做的一切。這是一個有生命、會呼吸，連樹都會走路的森林博物館。 您多久沒聽得到風、鳥、蟲的聲音，您多久沒有與星星對話？這趟行程可以讓自己安靜一下，您可以聽到森林在說話。","","","","","","","2013年60條原住民族深度旅遊路線"
12,"20130901","來去烏來住一晚~文化．遇見繽紛泰雅(二日遊)","泰雅族","新北市烏來區","","第一天：新店捷運站相見歡→內洞國家森林遊樂區→泰雅傳統美食→瀑布公園步道、青蛙生態→泰雅編織DIY體驗→泰雅風味晚餐→飯店泡湯第二天：飯店或民宿早餐→樂舞表演→烏來瀑布→烏來遊客服務中心→享用泰雅風味午餐→泰雅博物館→泰雅玩玩樂→烏來老街→烏來吊橋→新店捷運站再見","","兩個太陽一個月亮"," 內洞國家森林遊樂區    內洞國家森林遊樂區自然生態保存良好，林相多變且富含著相當豐富的動物資源，且內洞國家森林遊樂區內的陰離子含量是全臺森林遊樂區之冠，為體驗森林浴的最佳場所。 瀑布公園步道、青蛙生態    瀑布公園步道，此步道入口種植近百棵櫻花，走過櫻花道後，進入眼簾全是一片綠油油的森林生態。瀑布公園步道約3公里，途中經過蛙之谷，有成群的青蛙，呱呱呱歡迎大家的到來。 烏來瀑布＋勇士廣場    觀賞烏來風景特定區的代表景觀之一的烏來瀑布，瀑布高達80公尺、寬約10公尺，在日據時代舊稱為「雲來之瀧」的美譽。遠望瀑布有如白鍊一樣，當雨量充沛時烏來瀑布會分成兩道飛泉，自山谷撲簌而下，形成烏來天空雲霧瀰漫，增添浪漫的氣息，若在炎炎夏日來到烏來瀑布欣賞水景，讓人心情舒暢。您也可以前往泰雅編織協會，選購泰雅手工藝品。 泰雅博物館    由專業導覽人員，講述泰雅族獨特的文化，及泰雅族人於烏來的生活，讓遊客更認識泰雅族人。 烏來老街    烏來老街有了「黃金街」的封號。烏來街以具有原住民特色的商店為主，如：小米麻糬、泰雅編織、飾品、竹筒飯、小米酒等，另外也有飯店、餐飲業者提供遊客泡湯服務。要是想購買原住民的藝品、泡湯的相關物品，或是想品嘗一頓原住民大餐，在烏來街都可以一次解決！ 烏來吊橋    烏來吊橋係位烏來立體停車場附近，於烏來老街及烏來觀光大橋間為一橫跨南勢溪之景觀人行吊橋，長度105公尺，佇立於吊橋之上，登高俯看南勢溪河岸景觀，又可北觀紅色觀光拱橋，南望南勢、桶后溪匯流及露天溫泉之特殊景緻。","","","","","","","2013年60條原住民族深度旅遊路線"
13,"20130901","烏來溫泉.野要獵人學野趣體驗一日遊","泰雅族","新北市烏來區","","一日遊：新店捷運站→屈尺(泰雅遷移史) →泰雅博物館館內導覽→野要獵人學校(竹筒飯DIY、野炊進行式 (獵人食物分享屋) 、弓箭DIY / 泰雅射日傳說、狩獵DIY / 泰雅獵人技能、→強羅櫻花公園步道導覽→烏來瀑布商圈、泡湯→新店捷運站","","一個太陽","野要森林獵人學校:最靠近都會區的獵人體驗區，在這裏您必須學習觀察環境、尊重傳統自然禁忌、炊煮竹筒飯、製作陷阱、泰雅歌舞演習、獵人智慧、張弓射箭的體驗。","","","","","","","2013年60條原住民族深度旅遊路線"
14,"20130901","泰雅生態文化體驗(二日遊)","泰雅族","桃園縣復興鄉","","第一天：台北火車站→桃園火車站→桃園縣原住民文化會館→高義蘭部落(部落文化導覽、泰雅生態文化體驗)→部落風味午餐→Hnuway水資源生態教育步道→泰雅DIY→原味晚餐(泰雅灶腳)→安排達觀農場住宿第二天：享受早晨陽光→早餐→拉拉山神木→下巴陵午餐(納桑麻谷餐廳)→爺亨部落(遠眺爺亨梯田)→羅浮雙橋→斯嘎蓋打啦(回程)","","兩個太陽一個月亮"," 桃園縣原住民文化會館    位在大溪鎮，平日可提供為本縣原住民活動、教育訓練之場所，館內不定期有原住民工藝展覽，假日則兼具市集之功能，是認識桃園境內原住民文化的最佳場所。 高義蘭部落    高義(高義蘭)部落，舊稱卡維蘭，分下、中、上三個聚落；下高義即位在北橫公路旁，中高義位在海拔8、900公尺的山腹，上高義逾千公尺(接近山頂)。該地的風景以人文特色為主，居民為泰雅族的卡澳灣群(鄰近為大嵙崁群)，務農維生，農產品以水蜜桃、桂竹為主；此外中、上高義部落的展望點很好，可以一覽夫婦山全景、北桃屋脊群山(達觀山、插天山...)。 Hnuway水資源生態教育步道    高義蘭部落經由高義社區發展協會的努力，在Hnuway溪邊，設置生態步道。步道全程隨著溪岸的地形，或鋪天然木板、或架棧道、或砌石階，施工完全不破壞自然為出發點。步道盡頭是一個神秘瀑布，在溪畔的高腳涼亭是觀瀑最佳地點。 拉拉山神木    自然保護區境內森林為針闊葉樹混淆林組成之原始天然林，以檜木巨木群最著名，林間棲息著珍貴稀有的動、植物資源，唯一完整的森林生態體系。 爺亨部落    爺亨部落【Zihing】位在桃園縣復興鄉三光村，爺亨擁有復興鄉內僅次於角板山的第二大台地，本社的泰雅語地名叫做爺亨，意為上午陽光難以照到之地，因為本地，東、南兩邊都被高聳的山頭圍峙，每天上午都要很晚以後才會照到陽光。 羅浮雙橋    泰雅族人從小必須接受訓練，期望能成為一位正直、勇敢、守紀律並敬重祖靈的泰雅人【真正的人】，透過部落美麗的羅浮雙橋，訴說神靈之橋的故事，跨越這一道彩虹橋，成為勇敢正直的【泰雅巴萊】。","","","","","","","2013年60條原住民族深度旅遊路線"
15,"20130901","泰雅合流部落文化之旅(一日遊)","泰雅族","桃園縣復興鄉","","一日遊:台北火車站→桃園火車站→桃園縣原住民文化會館→佐久間左馬太紀念碑→復興鄉歷史文化館→合流部落風味餐→部落小米農作體驗→DIY活動→羅浮雙橋→桃園火車站→台北火車站","","一個太陽"," 桃園縣原住民文化會館    位在大溪鎮，平日可提供為本縣原住民活動、教育訓練之場所，館內不定期有原住民工藝展覽，假日則兼具市集之功能，是認識桃園境內原住民文化的最佳場所。 佐久間佐馬太紀念碑    佐久間左馬太是日治時代第五任臺灣總督共9年，任期最長，他也是影響臺灣原住民至鉅的統治者。日治時代被稱為「理蕃總督」，也因理蕃有功，日本政府為表揚他的政績，為他打造一處紀念碑。現已改建成一處休憩的涼亭，為角板山最舒適的休憩地點。 復興鄉歷史文化館    成立於民國92年，是復興鄉泰雅原住民文化介紹中心，館內利用諸多多媒體介紹復興鄉泰雅族傳統文化及復興鄉的歷史，也是認識復興鄉泰雅族最佳地點。 羅浮雙橋    泰雅族人從小必須接受訓練，期望能成為一位正直、勇敢、守紀律並敬重祖靈的泰雅人【真正的人】，透過部落美麗的羅浮雙橋，訴說神靈之橋的故事，跨越這一道彩虹橋，成為勇敢正直的【泰雅巴萊】。","","","","","","","2013年60條原住民族深度旅遊路線"
16,"20130901","泰雅庫志部落親水之旅(一日遊)","泰雅族","桃園縣復興鄉","","一日遊：台北火車站→桃園火車站→桃園縣原住民文化會館→庫志部落→庫志部落風味餐→部落生態池巡禮→鐵木瀑布→竹頭角部落→桃園火車站→台北火車站","","一個太陽"," 桃園縣原住民文化會館    位在大溪鎮，平日可提供為本縣原住民活動、教育訓練之場所，館內不定期有原住民工藝展覽，假日則兼具市集之功能，是認識桃園境內原住民文化的最佳場所。 庫志部落(生態池巡禮)    庫志部落位在庫志溪上游，地形狹窄，只有部落地域較為開闊，海拔約600公尺。庫志溪源自東眼山，東南背塔開山，舊部落在更深山內，因生活條件惡劣，才遷到現址，現計約20戶家，務農或種香菇，多數青年至外地打工為生。生態池區，其周邊有野薑花、香蒲、輪傘草、銅錢草等水生植物。 鐵木瀑布    霞雲村內的庫志溪上有一個非常美麗的鐵木瀑布，因為道路與瀑布間有樹木及長草隔著，不注意時就不會注意到。從庫志橋邊下，順著步道向溪邊走，便可以看到岸邊有一條木棧道，經由木棧道約15分鐘便可以到達鐵木瀑布。 竹頭角部落    當地居民表示其祖先於乾隆年間由南投遷來，社名喀拉，一為大社；因發音像閩南與之【角】，因而得名竹頭角。此村，地平廣闊，是本村最大聚落，村辦公處、國小、派出所均設於此，居民種綠竹、果樹或雜種，但青壯年大多外出打工以維生活。","","","","","","","2013年60條原住民族深度旅遊路線"
17,"20130901","泰雅歷史文化變遷探源(二日遊)","泰雅族","桃園縣復興鄉","","第一天：台北火車站→桃園火車站→桃園縣原住民文化會館→三民教堂→復興鄉歷史文化館→角板山午餐→霞雲坪部落→泰雅原民生態環境認識→部落原味晚餐→安排角板山青年活動中心住宿第二天：享受早晨陽光→早餐→溪口吊橋→溪口台部落→泰雅DIY→部落原味午餐→樂信瓦旦紀念公園→斯嘎蓋打啦(回程)","","兩個太陽一個月亮"," 桃園縣原住民文化會館    位在大溪鎮，平日可提供為本縣原住民活動、教育訓練之場所，館內不定期有原住民工藝展覽，假日則兼具市集之功能，是認識桃園境內原住民文化的最佳場所。 三民天主教堂    全台唯一紋臉的聖母瑪麗亞，傳導巴義慈神父的傳教精神，看天主教如何在原鄉部落深耕。 復興鄉歷史文化館    復興鄉歷史文化館成立於民國92年，是復興鄉泰雅原住民文化介紹中心，館內利用諸多多媒體介紹復興鄉泰雅族傳統文化及復興鄉的歷史，且有定時導覽及多媒體導覽等服務，此文化館對復興鄉泰雅文化的典藏富有重大意義。 霞雲坪部落    霞雲坪部落【Hbun】霞雲坪原住民則稱為哈本，意為飛射如箭，亦作合脗。這幾年部落深度之旅大受歡迎，成功行銷復興鄉的好山好水，年輕一代陸續返回山上，投入部落的社區營造，霞雲坪部落以生態復育為出發，成功的將部落恢復以往的風華。 溪口台部落    溪口台部落【Rahaw 拉號】，泰雅居民稱之Rahaw意思為延伸的台階，溪口台部落位於大漢溪左岸，那結山北走支脈台地，在角板山對面，分為上溪口台與下溪口台兩個聚落。 樂信瓦旦紀念公園    樂信瓦旦是泰雅族人的意見領袖，一生為部落的生活發展奔波，卻在白色恐怖中遇害，曾經沒名於山林之中；1993年樂瓦旦紀念公園銅像落成揭幕，再次望向他所繫念的部落…。現在樂信瓦旦紀念公園除了是紀念泰雅先烈的地方，更因尤幹樂信等人在紀念園內種植近百株櫻花，成為熱門賞櫻的地點。","","","","","","","2013年60條原住民族深度旅遊路線"
18,"20130901","泰雅千年~ SMANGUS-泰崗伊汎長老秘密花園有機餐","泰雅族","新竹縣尖石鄉","","第一天：竹東→尖石鄉(錦屏大橋泰雅雕像) →那羅村天主教堂(電影老師斯卡也答那的回憶，蘇麗雲修女26歲從義大利帶著上的愛，來到那落照顧部落小孩，傳上帝的愛)泰崗部落(伊汎長老的密秘花園、有機疏果區、爺爺的博物館、養生醋) →司馬庫斯部落導覽(Koraw自然生態公園，森林小學、基督長老教會、司立富觀瀑步道) →部落咖啡屋→分享之夜(司馬庫斯的共管機制、傳統GAGA文化與現代主流對話)【早餐：自理  午餐：伊汎長老松木烤肉+有機蔬果餐  晚餐：司馬庫斯部落餐廳】第二天：森林的早晨→檜木原始森林健行(生態界譽為全世界保存紅檜扁柏最原始森林，部落專人導覽泰雅族傳統領域與生態保育、小米田種植)，來回健行約5小時→內灣老街(懷舊小吃與劉欽興漫畫館) →竹東【早餐：活力早餐  午餐：司馬庫斯部落參廳  晚餐：內灣老街美食(自理)】","","兩個太陽一個月亮"," 巨木群    根據 1996 年林務局公布的排行，第二名和第三名的巨木都位於司馬庫斯的巨木區。這兩棵司馬庫斯的巨木都屬於紅檜，第二名的巨木周長 20.5 公尺，第三名的巨木周長 19.7 公尺。後者可以由司馬庫斯部落走通往巨木的步道來一睹其真面目，其主幹可容納二十多人手牽手環抱。除了目的地之外，步道沿途的風光及動植物亦是值得觀察的對象。往巨木群全程約 5.2 公里，步行來回約需費時 4-5 小時。","","","","","","","2013年60條原住民族深度旅遊路線"
19,"20130901","部落旅行．泰雅族☆認識泰雅文化","泰雅族","新竹縣尖石鄉","","第一天：台北→司馬庫斯→吃飯→祈福、部落導覽→射箭體驗→CHECK IN→營火晚餐→晚安第二天：晨喚、早餐→出發巨木群→竹藝創作→依依不捨．回程","","兩個太陽一個月亮"," 司馬庫斯在雲霧潦繞的山裡，有一群人依著泰雅Goga的規範生活著，尊重祖靈與自然生態，在森林裡過著真正屬於人的生活。 巨木群    泰雅人在睡夢之際隱約聽到上帝指示在司馬庫斯也有巨木，之後也想起祖先所說往鴛鴦湖方向有紅水及大樹的事，於是在回到部落後發動本地居民前往尋找巨木，經過兩三個月的尋找才發現了壯觀的巨木區。我們也來一睹這應許之地，巨木的丰采。","","","","","","","2013年60條原住民族深度旅遊路線"
20,"20130901","漫遊原鄉部落．泰雅．司馬庫斯","泰雅族","新竹縣尖石鄉","","第一天：台北集合→錦屏景觀大橋→青蛙石遊憩區→司馬庫斯大橋→司馬庫斯部落第二天：司馬庫斯→司馬庫斯巨木群→台北火車站","","兩個太陽一個月亮"," 青蛙石遊憩區    話說這塊巨大的青蛙石面朝那羅部落蹲踞於溪谷中，突出一雙大眼睛向前巴望，傳說係緣於這隻大青蛙當年為追食一隻蚊蠅，偏巧蚊蠅飛越嶺頭，大青蛙則被陡峭山壁阻絕去路，只好坐等在溪邊，歷經數百年，始終未見蚊蠅出現，久候的青蛙最後即風化成一塊巨石。 錦屏大橋    壯麗的錦屏大橋，被賦予虹橋象徵，彩虹是泰雅族祖先來往天界的要道，因此，橋身裡外兩側泥塑著一幅幅關於泰雅族美麗的射日、靈鳥、祭祀、耕稼等先民的生活與傳說故事，工藝技巧神奇，形象鮮活，加上矗立橋身上方，泰雅族出草、狩獵、天使、家族等藝術雕塑品，栩栩如生的手藝，都讓遊客止不住好奇心，駐足流連欣賞美麗虹橋，巧奪天工的生動圖騰。 生態公園步道    司庫庫斯內的生態公園，深山叢林裡，清爽微風襲來，鳴禽走獸的聲音繚繞，彷彿置身人間仙境，豐富的自然生態讓你印記著這森林印象。 司馬庫斯神木群    享受森林芬多精的洗禮，一覽原始森林的面貌！此時海拔高度已接近兩千公尺，最大的一株神木就屹立在眼前，泰雅族人口中２５００歲的大老爺一出現，眾人無不膜拜，行走其間，森林的氣味附著全身，任何品牌的香水都無法比擬！（全程約需５小時）","","","","","","","2013年60條原住民族深度旅遊路線"
21,"20130901","東河賽夏及鹿場部落體驗","賽夏族","苗栗縣南庄鄉","","一日遊：嘎嘎歐岸文化部落→早餐後出發→東河吊橋→瓦祿工作坊(參觀賽夏傳統織布)→賽夏文物館→賽夏美工藝坊→雷女紋薏米珠飾品→向天湖一帶休閒農場午餐、採買高冷蔬菜→原杉休閒坊→買段木香菇→三角湖→石壁染織工坊(體驗植物染)-石壁峽谷→神仙谷→斜坑工作坊→鹿場部落籐編DIY→南庄晚餐→賦歸","","一個太陽"," 向天湖    當地人又稱為仰天湖，海拔738公尺，係山頂一盆地。欲往向天湖必須經過一座吊橋，再經過彎彎曲曲的山腰小徑，行程約需一小時才能到達。當地耆老說：幾百年前該大湖有如人造水庫，水很深，湖內天然生長魚類不計其數，因見該湖在山頂上，仰向天空，因此取名仰天湖。湖水很深，具有相當危險性，行經此湖或到此釣魚之人，怕不慎失足墜湖，會在身上綁一條粗繩，另一端繫於湖旁的樹幹以防萬一。經過幾百年後，湖水已不復當年，加上四周土壤流入湖底，天然的變遷，使該湖變成適合耕種的田地。民國七十幾年時省政府在此建構了人工湖，此處住有二十餘戶賽夏族，每兩年舉行一次巴斯達隘（即矮靈祭），吸引了許多人士上山觀賞通宵達旦的原住民祭典儀式。 三角湖    三角湖俗稱鳳陽谷，名稱源自於湖旁的一座鳳陽橋。三角湖位於東河村東側，海拔 250 公尺 ，該湖發源於鳥嘴山之小溪，流經山間，終至於山底匯集成湖，也是中港溪支流之一。它最大的特色在於，每一個小水潭都是三角形的，由最上游到最下游都是如此，是一個很特殊的地方，這也就是三角湖名稱的由來。「三角湖」因為有大東河的切割，所以這裡有瀑布、深潭、峽谷等各式各樣的地形，很容易吸引遊客駐足戲水，但因目前週邊設施尚未規劃完成，遊客最好保持遠觀，不要冒險戲水。 神仙谷    舊稱「死亡谷」，原為泰雅族人祖先的墳場。神仙谷位在距離鹿場前二公里，恰當風美溪和比林溪交會的溪谷中，是鹿場風光中最具特色的一個據點。前苗栗縣長謝金汀於民國七十二年五月蒞臨參觀而改名為神仙谷。神仙谷相當開闊，共分為上下兩層，水流至此，迴溢流竄，將岩床勾劃出許多道凹溝，形成優美的紋路。下層與上層落差約 30 公尺 ，是由六、七層的岩階組成水流從上層傾瀉而下，形成多道奔騰的水瀑，綿延相續，姿態各異，瀑下還形成澄清無比的水潭。 鹿場    鹿場原名「久布斯」（泰雅族語），是本縣最偏遠的高山地區。鹿場是中港溪上源最 遠的泰雅族聚居之地，由於當地有地層變動的現象，因此遷村移到南庄村、東江村，但大部分居民仍回到鹿場種植香菇。 據說數百年前，該地荒無人煙，經常出現鹿蹤或其他野獸，原住民常至此打獵維生，唯恐野獸傷害人，遂拼命追殺野獸，結果這些野獸全部躲進鹿場山區，而原住民也發現這些野獸之中，以鹿為最多，遂取名為鹿場。 賽夏文物館    向天湖畔的賽夏族文物館，保存、傳承了很多賽夏族文物。文物館占地約 6 千平方公尺 ，一樓規畫文物販賣部、餐廳、典藏室等，二樓規畫服務台、主題展示空間及多媒體簡報室，三樓則為主題展示區、姓氏牆、會客室等。文物館外觀採賽夏族傳統建築的竹瓦、竹牆特色，館內、館外有大量賽夏族特有竹編、苧麻織紋與原住民創作。一樓餐廳緊臨向天湖畔，大扇玻璃窗飽覽湖光山色，二樓戶外廣場有一座賽夏族原型實體模型屋，忠實呈現賽夏族人的造屋特色。 東河吊橋    裝飾著原住民圖騰的東河吊橋，就位於東河國小旁， 是東河部落的特色， 也連繫了東河村兩岸的聚落。 東河吊橋與中加拉灣吊橋兩座吊橋橫跨東河溪，連接了中加拉灣 與東河，形成了一個環形步道， 走在吊橋上搖搖晃晃的，十分刺激。 走一圈可以體驗部落生活及生態景觀之美。 石壁峽谷    位處加里山支脈旁，因山脈有一處天然的峭壁，當地泰雅人稱她為「Raisinay」，為「峭壁」之意。巍峨綿延的大石壁岩勢陡峻、粗獷壯觀，逢雨季時，壁上會形成多條水瀑，十分壯觀。","","","","","","","2013年60條原住民族深度旅遊路線"
22,"20130901","雪見舞動森林~天狗部落．象鼻古道健行","泰雅族","苗栗縣泰安鄉","","第一天：卓蘭→象鼻部落古道健行(長3公里的日據理蕃古道)→野桐工坊文化園區(從博物館找回泰雅傳統服飾，讓失傳沒落的編織文化再現)→泰雅營火晚會(頭目營火相傳、泰雅歌舞、泰雅婚禮、打麻糬)→夜宵(碳烤燒)【早餐：自理  午餐：部落廚房  晚餐：達拉灣文化園區】第二天：天狗部落與紋面耆老有約→雪見森林遊憩區(臺灣首座生態公園示範區)、司馬限林道、二本松駐在所丸田炮臺、舞動森林劇場→大安溪部落共同廚房(蔬果、農特、工藝、美食)→卓蘭","","兩個太陽一個月亮"," 象鼻古道    全長大約三公里，兩側種植著茂密的桂竹林，修竹參天，夏天非常涼爽。在原始資料上，古道被稱為「南北縱貫道路」，用以運輸物品。古道上的象鼻觀護所，是日治時期為理蕃政策所設的眾多觀護所之一，用來關犯人或部落中不乖的族人。目前只剩下廢墟，遊客仍可看到觀護所遺留的石砌牆面。 野桐工坊泰雅染織文化園區    這個世界往往是一小部份人的堅持而改變了這個世界，原住民文化400年來受到不同政權統治、歸順、漢化、集團移住遷村，總是會有堅持的族人重新縫合歷史，重現傳統斬新的文化。大安溪畔河床台地，野桶工坊主人尤瑪．達陸，從她的外祖母身上，用著傳統的木箱織布機，外祖母用口述及身教的方式，一點一滴教會了尤瑪.達魯各種織布的技巧，造就了實務與學術兼俱國寶級泰雅染織編織大師，工坊園區有編織工藝成品、 園區的歷史簡介、苧麻纖維處理過程、 園區工藝家…，從「形、色、紋、質」來破解泰雅菱形紋泰雅編織密碼。 丸田砲台遺址    二本松解說站原為日治時期的駐在所，視野廣闊，可以俯瞰大安溪河谷。往內行走900公尺可以抵達丸田砲台遺址，當年居高臨下架設的砲台，是為管理鄰近部落的泰雅族人，而「丸田」則是紀念北勢戰役中殉職的日本警捕丸田清而命名。解說站內設有「丸田砲台文史紀念館」，陳列日治時期雪見地區的史料。","","","","","","","2013年60條原住民族深度旅遊路線"
23,"20130901","2013台中原遊會?原鄉部落巴士","泰雅族","臺中市和平區","","","","一個太陽","","","","","","","","2013年60條原住民族深度旅遊路線"
24,"20130901","探索布農族最神秘面紗~武界.曲冰遺址","布農族","南投縣仁愛鄉","","","","兩個太陽一個月亮","","","","","","","","2013年60條原住民族深度旅遊路線"
25,"20130901","與Gaya的約定~賽德克巴萊","賽德克族","南投縣仁愛鄉","","","","兩個太陽一個月亮","","","","","","","","2013年60條原住民族深度旅遊路線"
26,"20130901","邵族部落文化采風行","邵族","南投縣魚池鄉","","","","兩個太陽一個月亮","","","","","","","","2013年60條原住民族深度旅遊路線"
27,"20130901","布農黑黑王國的奇幻螢光","布農族","南投縣信義鄉","","","","兩個太陽一個月亮","","","","","","","","2013年60條原住民族深度旅遊路線"
28,"20130901","東埔布農部落二日遊","布農族","南投縣信義鄉","","","","兩個太陽一個月亮","","","","","","","","2013年60條原住民族深度旅遊路線"
29,"20130901","望鄉布農度假部落一日遊","布農族","南投縣信義鄉","","","","一個太陽","","","","","","","","2013年60條原住民族深度旅遊路線"
30,"20130901","湯泉美景與布農紫色寶石","布農族","南投縣信義鄉","","","","兩個太陽一個月亮","","","","","","","","2013年60條原住民族深度旅遊路線"
31,"20130901","發現巴庫拉斯~布農族古老部落自然遺址探索","布農族","南投縣信義鄉","","","","兩個太陽一個月亮","","","","","","","","2013年60條原住民族深度旅遊路線"
32,"20130901","開門見玉山~望鄉部落.八通關古道","布農族","南投縣信義鄉","","","","兩個太陽一個月亮","","","","","","","","2013年60條原住民族深度旅遊路線"
33,"20130901","天空特別藍，水特別清的藍色部落--里佳","鄒族","嘉義縣阿里山鄉","","第一天：台北火車站出發→到達嘉義火車站→阿將的家(午餐)→前往里佳→里佳(嘉娜民宿入房)→大自然晚餐(野外廚房) →賞螢→嘉納民宿談天說地→觀星→一夜好眠第二天：早餐→社區導覽：密谷瀑布、風流洞、不分享石..等步道解說→離開里佳→游芭絲風味餐→離開游芭絲→嘉義火車站→台北火車站註:每年春夏之際(4-6月)為螢火蟲最多的季節","","兩個太陽一個月亮"," 里佳部落    一直以來，里佳就以「世外桃源」著稱，此地有許多森林步道，還有極具特色的「大石板」景觀──寬達數百公尺的白色巨石塊，登至石頂可鳥瞰山美村的達娜伊谷，景致之優美，可想而知。由於不受外界汙染，里佳的自然生態保存良好，天空、河水都呈現清澈的藍色，因此阿里山自然風景管理處將之稱為「藍色部落」。這裡還有許多稀有物種，運氣好的話，走在山裡小徑不時會和白鼻心、穿山甲、麝香貓等相遇，甚至可瞥見稀有保育鳥類藍腹鷳在林中的身影。 嘉娜民宿    嘉娜民宿的主人 是「鄭」姓鄒族人，原住民語「鄭」發音為「迪亞嘉娜」，故以嘉娜命名。起初喜愛邀約好朋友到山上分享原始大自然生態的美麗，逐漸演變成為今日的嘉娜民宿，開放給更多有緣人。 風流洞風景區    風流洞步道，約莫 四百公尺 路程。那兒有情人瀑布、岩壁石牆、千層岩瀑布、鬼屋、一線天和風流洞等自然景觀。鄒族的妖魔鬼怪和眾神統稱為鬼。鬼屋為一巨岩，乃里佳守護神居住的地方。    風流洞的來名據傳是因為鄒族有服役婚的習俗，當男子有意娶妻時，必須先到女方家工作三年，此期間雙方不可以越軌，於是便有情人來此岩洞繾綣，所以風流洞可是見證鄒族特有婚俗的歷史見證人呢！ 樂野部落--阿將的家    阿將，鄒族人，是一個傳奇人物，也是一個在原住民族身上看到，對生命與喚回部落原始理念的堅持，不懂放棄、只會愈挫愈勇，值得我們尊敬的人物。 他是賀伯颱風重創最嚴重的受災戶，大自然奪走他的家，看他如何靠自己的雙手，一磚一瓦的蓋出阿將的家。 賞螢    台灣螢火蟲有62種，阿里山就囊括了23種，遊期是3月下旬至5月的大發生期，是黑翅螢最多最亮的時刻，加上大端黑螢來湊熱鬧，螢光趴踢熱鬧登場。","","","","","","","2013年60條原住民族深度旅遊路線"
34,"20130901","阿里山鄒族部落體驗二日遊","鄒族","嘉義縣阿里山鄉","","第一天：0700台北→1130達納伊谷自然生態公園(享用午餐)→1430金皮雕工作室(鄒族傳統皮雕體驗)→1530鄒築園(品嘗咖啡、賞蘭花)→1630樂野部落巡禮→樂野民宿區(晚餐、夜間生態導覽)第二天:0800樂野步道巡禮(迷糊步道、福山部道)→1130奮起湖(老街巡禮、木馬棧道及電影「星空」拍攝點) →1420優格哇獅市集→1600樹木銀行→台北","","兩個太陽一個月亮"," 達娜伊谷自然生態公園：是台灣第一座由民間推動而成的生態公園，由山美社區發展協會管哩，開放遊賞，指向遊客收取酌量的清潔維護費。近幾年來，達娜伊谷已經成為阿里山的一個新興景點，在公園入口處剩至還有傳統的歌舞表演。達娜伊谷不但自然生態風育，山脈青翠，蜿蜒伸展，且步道溫暖幽靜，溪流在山谷中閃耀，溪中巨石嶙峋，兩岸鳥蝶振翅飛舞。達娜伊谷的魚類也很豐富，向是以此地為家的?魚，俗稱苦花，數量很多。 迷糊步道： 嘉義縣阿里山鄉樂野村迷糊步道全長1.2工哩，天性開朗的鄒族村民將米揚溪步道、福山古道取米、福的諧音，總稱這條步道為迷糊步道。沿途溪水鳥聲不斷竹林步道景色怡人，孟宗竹、桂竹、麻竹、轎篙竹美不勝收。 奮起湖：    奮起湖為阿里山鐵道的中繼站，也是台灣最高的老街，周為旅遊包含螢火蟲、鐵道便當、木屐、奮起湖神木等等，依山而建的房屋更為奮起湖增添古樸的氣氛，讓來到阿里山奮起湖旅遊的民眾感受台灣古早的氛圍，因而有南台灣九份的美名。 鄒築園：    阿里山鄒築園，近幾年來在1200公尺的山坡地種植出十萬棵又香又濃的阿拉比卡咖啡，從種植到烘焙剩至到銷售完全不假他人之手，可以說成功擺脫 對中盤商的依賴，這次能夠得到全國第一名評鑑咖啡，證明了努力沒有白費，為鄒族咖啡帶來更多的銷售契機。 樹木銀行：    前往阿里山森林遊樂區圖中，路經番路鄉一定會看到一棟大木屋，這裡是林務局嘉義林區管理處的觸口工作站，也是過內唯一設有樹木銀行的自然教育中心，提供了保存珍貴老樹的場域。每棵老樹都有屬於自己的生命故事。園區內栽植百餘種中、低海拔樹種及誘蝶植物，各季節的風光與生態物種皆有特色。中心配置有環境教育專案教師，專為服務國中，小戶外教學。專業的人力、豐富精采的課程與安全的場域。打造一個孩子可以在自然中快樂學習、師法自然的新天地。特定日期之周六主題活動，則提供一般大眾休閒娛樂之最佳去處。","","","","","","","2013年60條原住民族深度旅遊路線"
35,"20130901","塔山下的幸福~來吉部落˙鄒式下午茶","鄒族","嘉義縣阿里山鄉","","第一天：竹山→草嶺→來吉部落(來吉神話步道巡禮、石頭教會、塔山工作室之鄒族音樂奇女子－白紫、天水木雕工作室)→阿里山鄒族之花~湯蘭花的家→鄒族風味餐→夜間觀察(生態解說)【早餐：自理  午餐：來吉部落  晚餐：鄒族風味餐、竹桶飯】第二天：部落創意產業DIY→奮起湖老街巡禮、星空木屋→品嘗鐵路便當→部落花園樂野部落尋禮→鄒式下午茶 (阿里山咖啡王子、阿將的家)→優格哇獅市集【早餐：簡餐  午餐：奮起湖鐵路便當  晚餐：自理】","","兩個太陽一個月亮","來吉部落--來吉原名拉拉吉，一個位於「聖山」-塔山下的鄒族部落，平均海拔在700至1000公尺間，依傍著美麗的阿里山溪。目前，整個地區分有內來吉（不恩屋）、外來吉（粗麻鄉）二個村，與太和交通便利，主屬特富野社。創社年代，大約在200年到250年前 樂野部落--鄒族人叫樂野為「拉拉吾雅lalauya」，是楓樹林的意思。位於阿里山半山腰，也是往鄒族兩大母社(達邦、特富野)必經之路，產業有高冷地農業及高山茶和山葵，蝴蝶蘭、現茶園也已逐漸取代了過去的楓樹林景觀。","","","","","","","2013年60條原住民族深度旅遊路線"
36,"20130901","漫遊阿里山忘憂谷","鄒族","嘉義縣阿里山鄉","","第一天：嘉義高鐵站→嘉義火車站→奮起湖→達娜伊谷自然生態公園→新美部落→茶山部落第二天：茶山部落→日安社區→嘉義火車站→嘉義高鐵站","","兩個太陽一個月亮"," 達娜伊谷自然生態公園：    鄒族語的達娜伊谷意指「忘記憂愁的地方」，這處海拔約500公尺高的谷地，因孕育「魚」而聞名。清澈的溪水和魚群是山美居民護溪有成的結果，遵循古老的河川管理方法，於70年代自發性封溪護魚，經過多年努力終於使魚苗重現，成為全臺第一座民間自然生態公園。 新美教會：    被稱為浴火重生館的新美教會，是新美部落的重要地標。1997年新美部落發生大火，教會受到波及。經歷三年多努力，新教堂建置完成，而被火紋身的舊教堂也被保留了下來，斑駁的教堂除留有一種獨特的美感外，也記錄著部落的歷史。 茶山部落：    茶山部落最大的特色，就是它遠近馳名的涼亭文化。村子裡到處都可以看到各式各樣的涼亭，幾乎都是以茅草、竹子和木頭搭建而成。涼亭的屋頂是辨識珈雅瑪部落居民的重要指標：布農族的涼亭屋頂是平頂型，鄒族則是圓型。每一個涼亭門口都會豎立簡單的木雕，觀察上面的雕刻，是外地人認識原住民文化內涵的好方法。涼亭文化是茶山部落中族人交流的重要推手，有的族人甚至會把採收下來的水果掛在涼亭裡，和大家分享。就連外來的遊客都可以自行取用。 日安社區假日市集    位在阿里山公路旁的轆子腳日安社區，是嘉義縣政府及行政院重建會所興建為安置88風災受災戶的住宅，讓他們暫時揮別災難的夢魘，立意良美。此「社區假日市集」的產生，除了結合災民的力量外，也邀集鄰近日滿、公興、太和等社區的加入，希望能吸引阿里山公路龐大的外來遊客，為災民們尋找一線生機。","","","","","","","2013年60條原住民族深度旅遊路線"
37,"20130901","那瑪夏區~布農族藝術生態","鄒族、布農族","高雄市那瑪夏區","","第一天：玉井(焦吧年事件紀念碑)→甲仙(芋頭、竹筍故鄉) →工藝坊體驗DIY(海舒兒陶藝工作坊、銀寶布農文化工作室、築夢工坊) →那瑪夏布農族營火之夜 【早餐：自理  午餐：甲仙鄉村風味餐  晚餐：布農族風味餐】第二天：那瑪夏→五里埔平埔文化館「小林夜祭與文物典藏」、小林紀念公園→高雄杉林大愛園區(假日市集) →旗山老街→高雄火車站","","兩個太陽一個月亮"," 那瑪夏區    那瑪夏區舊名瑪雅，原為南鄒族卡那卡那富群居住地，日治時期稱為「瑪雅峻」，二戰後稱為「瑪雅鄉」，1957年間，鄉名更改為「三民鄉」，族人常開玩笑說這裡是國父第一個完成三民主義的地方，2008年1月1日正名｢那瑪夏鄉｣，之後配合高雄市改制，升格為瑪夏區，此處擁有多元的族群，包含鄒族、布農族、排灣族、泰雅族及客家和福佬人，交織出不同的文化藝術，尤其原住民的傳統特色文化，依靠著全臺第一條生態保育河川、養育族人的楠梓仙溪，孕育豐富那瑪夏的文化瑰寶生命力。","","","","","","","2013年60條原住民族深度旅遊路線"
38,"20130901","賞蝶部落巡禮","魯凱族","高雄市茂林區","","一日遊：屏東縣→高樹→茂林（紫蝶幽谷）→茂林特色產業聯合展售中心、茂林工坊→得恩谷生態農場→萬山板岩工藝→龍頭山→蛇頭山→多納高吊橋→多納部落","","一個太陽"," 茂林三黑產業茂林的紫班蝶、萬山岩雕、多納黑米祭為茂林新興三黑產業。結合自然生態、神秘萬山岩雕工藝、傳統與創新的黑米祭，搭配傳統祭儀Tapakarhavae（稻米祭）造就多納獨有的黑米文化，推動原鄉產業的活力與青年回鄉在地就業。","","","","","","","2013年60條原住民族深度旅遊路線"
39,"20130901","魯凱下三社~茂林原住民人文三黑產業","魯凱族","高雄市茂林區","","第一天：高雄左營高鐵站→竹子門發電廠(日據時期巴洛克式建築水力發電廠) →新威森林→新威大橋→情人谷→紫斑蝶生態園區-烏巴克工藝坊→石破天驚文創工作室 (重現萬山石雕的密碼) →多納高吊橋→多納部落【早餐：自理  午餐：美綠園生態農場客家風味  晚餐：魯凱風味餐】第二天：多納部落巡禮(會呼吸的石板屋、勇士之路、祭人頭臺、紅塵峽谷) →多納古戰場(1903年屯子役事件、族人聖戰之地德德山) →茂林小米酒之家→六龜育幼院(楊恩典的故事) →高雄左營高鐵站【早餐：自理  午餐：多納在地風味或扇平山莊  晚餐：自理】","","兩個太陽一個月亮"," 茂林三黑產業茂林的紫班蝶、萬山岩雕、多納黑米祭為茂林新興三黑產業。結合自然生態、神秘萬山岩雕工藝、傳統與創新的黑米祭，搭配傳統祭儀Tapakarhavae（稻米祭）造就多納獨有的黑米文化，推動原鄉產業的活力與青年回鄉在地就業。","","","","","","","2013年60條原住民族深度旅遊路線"
40,"20130901","藝術茂林．三黑再起--春．追風勇士線","魯凱族","高雄市茂林區","","第一天：高雄→旗山→新發大橋→烏巴克琉璃天堂→茂林生態公園賞蝶→原味午餐→龍頭山→蛇頭山→多納特色民宿→多納部落巡禮(石板屋、祭人頭台→多納高吊橋)第二天：多納部落登山野營和朔溪→回家","","兩個太陽一個月亮"," 新發大橋    新發大橋位在台27線3K+480處，在2009年南台灣莫拉克風災重創下，當地居民的生活與經濟因橋毀而中斷，在重建單位努力之下，新發大橋以全新鋼骨結構重建，橫跨湍急的荖濃溪。    465公尺長的新發大橋橫跨荖濃溪，成為六龜地區重要的交通樞紐。淺綠色的大橋設計樣徵南台灣美麗的山林景觀，也是高雄地區環保、實施自然環境永續經營、生生不息最佳的象徵。 茂林生態公園    『紫蝶幽谷』為地球上著名兩大越冬型蝴蝶谷之一，與墨西哥「帝王斑蝶谷」並列為目前世界兩大規模「越冬型蝴蝶谷」，因屬極罕見的特殊現象，引起生態保育學者及國際媒體的高度興趣，在每年12月至翌年2月秋冬季節之際，成群百萬隻紫斑蝶依不同的方向、相同的路徑集體進行一年一度的遷徙之旅，飛向南台灣低海拔避風山谷中，形成紫斑蝶群聚飛越來台灣高雄市茂林鄉過冬的生態奇觀，不僅是台灣獨有的國寶級生態，更是全世界少見的生態奇蹟，到茂林體驗紫斑蝶環繞飛舞的壯觀場景！ 龍頭山    龍頭山位於萬山及多納村間，為茂林國家風景區最受歡迎的據點。地屬環流丘地形，三面高山環繞，東南面臨濁口溪溪流，溪流蜿蜒恰成V字形。地形由於被隔成龍背般之山脊，從遠處漸降盤旋到本區之一小山丘為止，彷佛龍在吐珠，故又名為龍吐珠。 多納石板屋    多納為魯凱族村落，是茂林鄉唯一沒有遷村的部落，因此居民大多世居於此，而保留了魯凱族多樣性的文化；多納附近一帶盛產粘板岩，村民於是就地取材，堆砌成石板屋，由於石板屋防風防雨，且十分涼爽又耐用，一直是魯凱族人建築居家的材料，也因而成為多納最具特色的文化表徵，來此不僅可體會魯凱族文化風情，也可欣賞秀麗的風光，值得一遊。 祭人頭台    祭人頭場是將那些被處決的侵略部落外來者人頭放置在此，並以此祭慰族人上天之靈的場所。由於以前一個部落便代表著一個國家，因此要是當某部落違反規定侵略部落領土，則會是一件相當嚴重的事。若部落村民遭到敵方獵殺，那麼被獵殺的族人所屬部落，將同樣處決敵方戰俘，以報復方式祭拜在這場戰爭中犧牲的族人，表示為族人復仇並告慰族人上天之靈。復仇的怨念無限循環，如同掀起一場小型戰爭。其實在以前祭人頭場對於部落村民來說是敬而遠之的，但現在已開放作為參觀景點。 多納高吊橋多納高吊橋從日據時代，就是茂林鄉的人必經的路徑。長長又鮮艷的紅色吊橋，全長232公尺、高103公尺，號稱東南亞高程第一，對於較為懼高者而言頗為刺激。橋下峽谷雙溪流水，美不勝收，山風涼爽，怡然自得，機車可直接通過，相傳是以前萬山村的男生要到多納村找女生的最佳途徑。","","","","","","","2013年60條原住民族深度旅遊路線"
41,"20130901","藝術茂林．三黑再起--夏．魯凱節慶線","魯凱族","高雄市茂林區","","高雄→旗山→美濃→原味午餐→工坊參觀→茂林特色民宿→魯凱族豐年祭、祖靈祭→新威森林公園→回家","","兩個太陽一個月亮"," 新威森林公園  新威森林公園位於高雄市六龜區新威里與新寮里的交會處，台28線四十五公里處，在荖濃溪的西岸台地上，因土質優良而建苗圃，居民稱之為坪頂。新威森林公園海拔約有兩百公尺，面積26.3289公頃。新威森林公園是全國最大運育苗圃的地方，其中最壯觀的苗圃就在道路兩旁的桃花心木大道。春夏時綠樹成蔭，到了秋冬葉子轉為紅黃，灑滿一地的景象格外有如詩如畫的意境。成排的林木所營造出的天然長廊，有著異國風情，常吸引許多情侶，更成為拍攝婚紗指定地點之一。","","","","","","","2013年60條原住民族深度旅遊路線"
42,"20130901","山中古國~阿禮.霧台石板藝術村","魯凱族","屏東縣三地門鄉","","第一天：高鐵(左營)→三地門→三德檢查哨→阿禮部落巡禮(天主教堂、 頭目家屋廣場、Sasala古道生態步道) →阿禮古國晚宴→魯凱族傳統歌謠傳唱【早餐：自理  午餐：在地美味  晚餐：阿禮傳統風味】第二天：早安賞鳥、看山、看雲、大口呼吸→阿魯灣古道井布山(為過去阿禮、舊好茶兩部落血源一家親的姻緣路) →霧臺石板藝術村巡禮→高雄(左營) 【早餐：活力早餐  午餐：部落風味   晚餐：自理】","","兩個太陽一個月亮"," 阿禮部落巡禮：山林、雲霧、鳥鳴，再來杯咖啡，人生最大幸福，莫過於此。 霧台鄉最深處的魯凱族古老部落－阿禮，位處雙鬼湖野生動物重要棲息環境， 擁有豐富自然景觀及生態資源。眼前雲霧陪伴、身旁鳥兒嬉戲，來到阿禮讓您體驗大自然所給予的幸福。部落的天主教堂(石板屋天主堂，內部的牆面以大塊石板鋪設而成。教堂的重要裝飾即為石板圖飾，是由藝術家雕刻並且經由了解石板習性的專人黏貼而上)、頭目家屋廣場、Sasala古道生態步道極具特色。 阿禮古國晚宴、歌謠傳唱：體驗溫馨歡樂的魯凱族傳統文化氣氛。 阿魯灣古道井布山的姻緣路、霧台石板藝術村巡禮：在充滿藝術氛圍的地方感受魯凱文化，例如:岩板巷地面以石板鋪設而成，充滿了魯凱文化的風情，沿巷的雕刻，描述著許多故事。","","","","","","","2013年60條原住民族深度旅遊路線"
43,"20130901","原住民新桃花源~禮納里(RINARI)‧達瓦達旺舊部落","魯凱族排灣族","屏東縣瑪家鄉","","第一天高雄左營高鐵站→原住民文化園區(臺灣原住民文化、建築、工藝、文化創 藝展示) →禮納里部落、紅黎工坊→排灣族勇士宴→三地門夜景【早餐：自理  午餐：文化園區或禮納里部落廚房  晚餐：山中天或答發給力】第二天 地摩兒的早晨(07:00點以前三地門彷如天堂) →達來達旺舊部落探索(農用法拉力+健行45分鐘、石板屋遺址-全臺最大的石板屋聚落) →舊部落野餐→排灣族藝術家參訪+下午茶(山中天、古琉坊、青蜓雅築、沙滔琉璃藝術工坊、排灣三堡、彭春林編織工坊..) →高雄左營高鐵站【早餐：活力早餐  午餐：野餐  晚餐：自理】","","兩個太陽一個月亮"," 達來達旺舊部落~傳統與自然的石板屋    達來部落原名為達瓦達旺，歷經5次的遷村，民國78-80年最後一次遷村到現在的地方，稱之為新達來，洽與舊部落遙遙相對，並隔一條北隘寮溪，新舊部落的來往交往僅靠150公尺長達來吊橋，舊達來保有多棟大型石板屋及貴族廣場、教堂、學校，山谷群山、瀑布景色優美怡人 原住民文化園區    「台灣原住民文化園區」位於屏東縣瑪家鄉北葉村，原為瑪家山地文化村，處於三地門、瑪家、霧台等三個原住民鄉之間，以排灣、魯凱族群之村落為主，為台灣原住民族活文化典藏館。","","","","","","","2013年60條原住民族深度旅遊路線"
44,"20130901","牡丹鄉排灣族~CACEVAKAN 遺址、石門古戰場、萬金天主堂","排灣族","屏東縣牡丹鄉","","第一天：高雄(高鐵左營站)→泰武國小(古謠傳唱隊) →吾拉魯滋部落→萬金天主堂(開教始於1861年為全臺首位) →來義國小→日據二峰圳伏流水工程→車城→878年牡丹社事件的故事(琉球番民墓-石門古戰場) →排灣族風味BBQ+部落民歌演唱【住宿：牡丹山莊、紅瓦屋民宿、茴香戀戀溫泉、哭泣湖石頭屋民宿】【早餐：自理  午餐：在地風味料理   晚餐：排灣BBQ+部落民歌演唱】第二天：cacevakan 遺址/高士排灣族的古老部落) →佳德谷原住民藥物園區DIY→高雄【早餐：簡餐  午餐：麻里巴廚房 或 佳德谷原生植物園區   晚餐：自理】","","兩個太陽一個月亮"," Cacevakan 遺址    Cacevakan」石板屋遺址位於石門村27林班，石板屋占地面積約一甲半，聚落沿山腹開展分散，據聞為四林村傳統領域範圍。「Cacevakan」意指沿石頭節理來切割石板之意，因為該地石板主要是屬於砂頁岩層，質地堅硬不易切割，所以在進行切割石板前，必須先請巫師進行祭拜，向山神祈求切割石板過程順利，故將切割石板處命名為Cacevakan。前往石板屋遺址全種需時約二十分鐘，沿途藤本植物交錯，巨大桑科榕屬、熱帶雨林板根植物林立，讓人有如進入原始雨林之感，更增添石板屋神秘的面貌。 石門古戰場    石門古戰場是台灣牡丹社事件（日稱「台灣出兵」）發生地點，位於屏東縣牡丹鄉與車城鄉交界處，距離四重溪東北方大約3公里，是恆春半島歷史景點之一。    清同治10年（1871年)，琉球國船隻漂流至今日牡丹鄉附近，琉球船員被當地原住民殺害，即宮古島民台灣遇害事件，當時琉球國同時向清朝和日本朝貢，故日本政府派兵前往事發地點，遂於1874年以「懲辦凶手」為由向當地原住民交戰之處。","","","","","","","2013年60條原住民族深度旅遊路線"
45,"20130901","漫遊原鄉部落．排灣．東源麻里巴","排灣族","屏東縣牡丹鄉","","第一天：高雄左營站→風味午餐→石門古戰場→水上草原→牡丹後花園晚會→飯店Check In第二天：晨喚、早餐→尋找祖靈地『Cacevakan石板屋舊遺址』→麻里巴廚坊午餐→晚餐→返回台北","","兩個太陽一個月亮"," 石門古戰場    石門古戰場是台灣牡丹社事件（日稱「台灣出兵」）發生地點，位於屏東縣牡丹鄉與車城鄉交界處，距離四重溪東北方大約三公里，是恆春半島歷史景點之一。清同治十年（1871年)，琉球國船隻漂流至今日牡丹鄉附近，琉球船員被當地原住民殺害，即宮古島民台灣遇害事件，當時琉球國同時向清朝和日本朝貢，故日本政府派兵前往事發地點，遂於1874年以「懲辦凶手」為由向當地原住民交戰之處。 東源濕地水上草原、哭泣湖的自然魅力    東源濕地為恆春半島古濕地之一，在濕地區有一小部落為「麻里巴」，其中的生活故事、部落傳說都與這濕地息息相關，且由部落的聽覽員為您一一訴說這些美麗的事物吧。腳指頭準備好跟東源水上草原說「哈囉」了麼？想揭開哭泣湖美麗的面紗麼？等您一同來體驗大自然的奧妙。 cacevakan 遺址    「Cacevakan」石板屋遺址位於石門村27林班，石板屋占地面積約一甲半，聚落沿山腹開展分散，據聞為四林村傳統領域範圍。「Cacevakan」意指沿石頭節理來切割石板之意，因為該地石板主要是屬於砂頁岩層，質地堅硬不易切割，所以在進行切割石板前，必須先請巫師進行祭拜，向山神祈求切割石板過程順利，故將切割石板處命名為Cacevakan。前往石板屋遺址全種需時約二十分鐘，沿途藤本植物交錯，巨大桑科榕屬、熱帶雨林板根植物林立，讓人有如進入原始雨林之感，更增添石板屋神秘的面貌。","","","","","","","2013年60條原住民族深度旅遊路線"
46,"20130901","等待飛魚 蘭嶼達悟族旅人日記","雅美族(達悟族)","臺東縣蘭嶼鄉","","第一天 ：臺東富崗碼頭搭船往蘭嶼(船行約2.5小時)→機車環島(漁人村、野銀社地下屋建築美學與傳統智慧、耆老吟唱古調、東清村、雙獅岩、情人洞、朗島村、蘭嶼燈塔、黃昏市集) →紅頭村海灘賞夕陽 【早餐：自理  午餐：海老人海鮮餐廳  晚餐：無餓不坐餐廳】第二天 ：東清灣觀日出→健行遊天池、回音谷（雅美族嚮導帶領觀賞熱帶雨林生態、雅美族造舟民俗植物）→自費活動（浮潛、拼板舟體驗）→青青草原→夜間觀察(夜訪角鴞、潮間帶生態)【早餐：阿力給  午餐：蝴蝶蘭(紅頭村)  晚餐：浪島丁字褲BBQ】第三天：雅美族工藝家（駐村藝術家）→蘭恩文物館→開元港→臺東【早餐：自理  午餐：自理  晚餐：自理 】","","三個太陽二個月亮"," 野銀部落    意指這裡有許多的馬鞍藤。這裡是島上保留最完整的傳統聚落，由於有世界級的景觀，2002年行政院文化建設委員會曾提報為台灣世界遺產潛力點之一。部落目前分成傳統聚落及現代水泥房，年輕人居住在水泥屋，老人家大多居住在傳統屋，部份的傳統屋如今也改成民宿型式。野銀部落是島上提供最多民宿的聚落。 漁人部落:指平坦寬敞的地方。漁人部落位在蘭嶼島南方，介於紅頭與椰油部落之間。漁人為蘭嶼機場進出的部落，部落居住型態呈橫長形，漁場在部落前方海域，是主要聚會活動與休閒的區域；漁人教會新教堂內部仿照傳統屋的建築空間顯得相當特別，教會右側石梯型芋頭田傳說花了九年時間才砌成，且已使用百年以上。漁人部落殺飛魚的刀法為四刀，迥異於其它部落的殺魚文化。 東清部落    是指這裡有許多ilek（指天竺舵魚、低鰭舵魚，俗稱白毛），另一地名I-va-zo-ga，意謂著太陽最先昇起的地方，傳說這裡也是天神下凡之地。走進東清部落，一眼望見座落在灘頭左側刻有蘭嶼圖騰的立柱，是六個部落中唯一的大型立柱。這是2003年居民集體以機動船從海上拖運回來的漂流木，經過部落居民商議和當地藝術家的集體努力之下，成了如今美麗的入口意像。當時雖有長者擔心這樣的創舉會觸犯禁忌，但現在卻成為東清部落的新地標。今年，到了盛夏的夜晚，這裡搖身一變而成夜市，居民販賣台灣小吃、自製地瓜甜點及擺放手工藝品，添增了島上居民新的生活樂趣。雙獅岩、情人洞、觀日出 椰油部落    意思是食物不虞匱乏的地方。這裡除了商家林立之外，亦是蘭嶼行政中心、最高學府、農會超市及加油站的所在地，為六個部落中居住人口最多，最熱鬧、生活機能最便利的區域。每週二、五停泊在開元港的貨船，運載著居民日常生活所需的物資，它們大多被送往農會超市。在這些日子，農會超市經常聚集著購物人潮，門外也自然形成居民販售野菜、海產和手工藝品的小市集，一副熱鬧的景象。 紅頭部落:意指成群集聚的部落。位在部落之中的八代灣為飛魚文化的發源地，每年紅頭部落為島上第一個舉行招魚祭的地方。部落灘頭是重要的祭儀場所，八代灣及小蘭嶼是主要海洋漁獵的活動範圍。青青草原為居民傳統耕作地，因人口外流不再耕作，成為遊客觀賞日落的最佳去處。在紅頭部落裡，可見到過去的軍事用地，如蘭嶼指揮部、崗哨、稻鄉新村及中正公園等歷史遺址，餐飲、住宿、醫療、金融機構也都在此。台電核能廢料貯存場位在部落傳統領域界線的尾端。本遊程會在海灘賞夕陽。 天池、青青草原    在當地解說員的帶領下，遊客可以安全且深度地探索蘭嶼熱帶雨林。在橫貫公路、大天池、小天池裡有許多特殊的生態資源和景觀，如大株樹種、民俗植物、昆蟲、水芋田景觀等自然生態，循著步道探索其間，是喜愛探索山林的冒險家不能錯過的行程。 體驗活動(浮潛、拼板舟、夜訪角鴞、潮間帶生態體驗)    例如夜晚，是蘭嶼角鴞活動的時刻，此起彼落「嘟嘟烏」的鳴叫聲，劃破夜空的寧靜。在達悟人的眼中，牠是不吉祥的鳥類，但小巧玲瓏的可愛模樣，現在卻成為遊客夜間觀察時的明星。 蘭恩文物館","","","","","","","2013年60條原住民族深度旅遊路線"
47,"20130901","拜訪神聖魯凱部落達魯瑪克","魯凱族","臺東縣卑南鄉","","第一天：南島社大出發→經桑樹溪→抵達卡帕里瓦(達魯瑪克舊部落) →達魯瑪克風味餐→部落巡禮導覽解說(若於7月份魯凱族小米收穫祭時參加慶典、感受鞦韆節愛的季節更能感受魯凱族文化)第二天：舊部落卡帕里瓦→大巴六九部落(太平生態農場大巴六九溪谷體驗、藥用植物園區藥膳體驗、傳統手工藝體驗)→火車站","","兩個太陽一個月亮"," 多良火車站／多良向陽薪傳木工坊    沿著浩瀚太平洋與海岸山脈，多良火車站原為南迴線上供單線列車交會之用，雖然2006年已廢站，但採架高設計的車站可鳥瞰太平洋、欣賞綿延的山勢，被鐵道迷譽為「臺灣最美的火車站」。車站上方的多良向陽薪傳木工坊，是大溪國小多良分校舊址，培訓部落青年以漂流木製作文創工藝品，是創意發想基地。 大武山、金崙溫泉    中央山脈主脊最南端的大武山是臺灣五嶽之一，被魯凱族與排灣族視為祖靈居住地；山下的大武山自然教育中心，提供詳細的生態導覽，讓旅客深度瞭解大武山的重要生態資源。再往山裡去，可遇見金崙溪旁的金崙溫泉，只見河床旁冒出滾滾熱泉與冰涼溪水形成奇特景觀；泉水屬弱鹼性碳酸氫鈉泉，無色透明且稍帶硫磺味，洗後膚質滑嫩。 達魯瑪克部落    達魯瑪克（Taromak）是魯凱族群居的東興村，也是臺東縣內唯一的魯凱族生活區，又稱大南魯凱，其特殊的族群文化藝術展現，適合安排一至兩天的部落文化探訪。體驗方式多元，可從守護神祈福、參觀火災紀念碑、東魯凱文物館開始，沿著部落內的桑樹溪，認識荷蘭人與達魯瑪克歷史，再前往頭目家屋、祖靈屋，品嚐魯凱族風味餐，或者是體驗手工藝、衣飾文化、小米農耕與採集文化等。二日遊為預約制，務必事先預約才能享受美好行程。 大巴六九部落卑南族八社之一的大巴六九部落，太平溪(大巴六九溪) 流經部落北方，其溪谷景觀多變化，上游未經開發的原始瀑布，結合林道森林景觀，螢火蟲、蛾蝶類復育，極適宜發展深度休閒旅遊。","","","","","","","2013年60條原住民族深度旅遊路線"
48,"20130901","山間的桃花源—霧鹿、利稻生態遊","布農族","臺東縣海端鄉","","一日遊：臺東市→布農族文物館→霧鹿砲臺公園→天龍吊橋→天龍古道巡禮→利稻部落→栗松溫泉→台東市","","一個太陽"," 霧鹿砲臺公園    公園位在霧鹿國小後方，園中的鹿眥亭有兩門保存完好、1903年由俄國製造的古砲，於日俄戰爭中被日本擄獲後輾轉運送來臺，是當時用來對付布農族人的歷史鐵證。 天龍吊橋    跨越霧鹿峽谷兩側崖壁，興建於日治時期的天龍吊橋，宛如青山綠水間的一道彩虹。從橋上俯瞰峽谷，霧鹿溪水勢湍湍，氣勢壯闊，可結合長約1公里的「關山越嶺古道」輕鬆健行。 利稻部落    位於霧鹿溪上游河階臺地的利稻部落，在海端鄉內海拔最高地，居民大都為布農族人。紅瓦田園排列有序，白梅紅櫻怒放，有如世外桃源。農作以高山茶與高山蔬菜為主，景致優美，是南橫段最重要的高山作物產區。每年國曆四月下旬，布農族打耳祭典開始後，寧靜清幽的利稻，就變身為充滿節慶歡愉氣息的山中部落。 栗松溫泉    隱身山林中的栗松溫泉，被譽為臺灣最美的溫泉瀑布，從新武呂溪峽谷右側岩璧縫隙噴灑而出，形成數道涓細泉瀑傾流而下。因礦物質結晶而閃耀著色澤的溫泉壁與白濛濛蒸氣，交織得如夢如幻。躺臥其間，淙淙山澗與青蔥樹林景致圍繞，是最愜意的享受。","","","","","","","2013年60條原住民族深度旅遊路線"
49,"20130901","東臺灣人文記事~美麗都蘭灣","阿美族、卑南族","臺東縣東河鄉","","第一天：臺東利吉惡地→嘎嘎娃桑(石山部落)，永續部落產業與原創，社區空間美學巡禮→卑南史前博物館(卑南文化3000年的深入對話)→鐵花村原民創作歌手展演與部落市集【住宿：臺東原住民會館.或 臺東公教會館】【早餐：自理  午餐：石山部落廚房  晚餐：米巴奈或岩灣客棧或利嘉原始部落原住民風味餐廳 (可看夜景)】第二天：都蘭藝術糖廠(駐村藝術家的對話、都蘭山劇場與阿美族老兵的故事)→都蘭灣的美麗海岸、都蘭鼻阿美族祖靈地→樹皮DIY→比西里岸PAWPAW鼓+下午茶→臺東火車站(機場)《若時間人數時間允許，建議安排東河瑪洛阿瀧阿美族貢多拉的竹筏體驗》【早餐：簡餐  午餐：成功旗魚或部落達魯岸  晚餐：卑南包子】","","兩個太陽一個月亮"," 鐵花村原民創作歌手展演與部落市集一個由台東音樂人和藝術工作者共同打造的音樂聚落及在地發芽的慢市集https://www.facebook.com/tiehua/info 都蘭藝術糖廠(駐村藝術家的對話、都蘭山劇場與阿美族老兵的故事) 比西里岸PAWPAW鼓：同前列說明","","","","","","","2013年60條原住民族深度旅遊路線"
50,"20130901","真柄部落阿美族體驗","阿美族","臺東縣長濱鄉","","第1日：玉里火車站→真柄部落巡禮˙青年會所→野外午餐→水母丁溪釣魚、逗螃蟹→情人沙灘→風味晚餐（夜宿傳統茅屋，或民宿）第2日：早餐→拜訪部落農家˙賞梯田→前往瑪洛阿瀧部落→白沙灣→馬武窟溪撒網˙竹筏泛舟→風味晚餐→東河夜未眠：傳統歌謠（夜宿部落屋）第3日：早餐→部落巡禮˙登仙橋與猴相遇→風味午餐→賦歸(台東火車站)","","一個太陽","真柄部落位於長濱往八仙洞的台11線公路上，部落居民80%以上都是阿美族人，仍然保存著相當傳統的阿美族文化，像年級制度、母語文化、竹筏製作、捕飛魚等，在此都奉行如儀。真柄舊名「馬格拉海」，意思是乾涸或雨衣，因為部落附近有一條小溪在下雨時才會有水，雨一停水就乾了，跟雨衣一樣，所以得名。    根據部落耆老的說法，真柄部落的族人早年本來是居住在瑞穗，後來沿著秀姑巒溪遷到奇美部落，再經過多次遷移，來到目前居住的3間村南邊的台地上。據說，從前建社於馬稼海溪上游，與石坑社（今之長光）隔溪相對，日人將兩社併稱馬稼海社，但事實上這是兩個各自獨立的小社。 部落的歷史文化    真柄部落的村人祖先是從豐濱鄉的靜浦和八里灣遷徒過來。大約一百年前，豐濱一帶的阿美族相偕南移，建立此社；然時至今日，當初的豐濱阿美已非主要人口，倒是秀巒阿美的太巴塱社佔多數，亦有部分是卑南阿美。真柄部落以阿美族為主體，僅有兩戶為漢人。長久以來部落的經濟活動皆以農漁業為主要。傳統的部落是以年齡階層為劃分依據的社會，青年組是領導階層。真柄部落位於三間村南邊的台地上，西邊為東海岸山脈，東臨太平洋，是個依山傍水、景色宜人的地方。部落後山的真柄溪，也是東海岸不多見的美麗溪流，從部落水田與山區的界限，沿著水圳上溯溪谷，很快就可進入景色原始而美麗的真柄溪峽谷，上擁有許多連續而下的瀑布群，溪水清澈而涼爽。 部落的竹筏工藝:東海岸的阿美族人除農耕外，也擅長於捕魚，竹筏就成了生活上的要項。真柄社區的竹筏製作，技術一流，每年的東海岸竹筏競賽，也都名列前茅。真柄部落以阿美族年齡階級為主體，部落公共事務全賴年齡階級負責，推動傳統技藝的傳承，延續部落生命，提昇文化及發展產業，呈現部落的美麗與活力。生產玉石的峽谷和瀑布:水田的源頭就是巍峨突起的海岸山脈，村旁的真柄小溪從 這起，也變成一條景致天成的迷人峽谷。峽谷中段的水源地是 溯溪、戲水、找奇石的好地方。從水源地的取水口沿著溪谷上 溯，大約四十五分鐘可以抵達第一座瀑布，在這一段溪谷戲水 或尋找奇石及真柄溪蘊藏豐富的玉髓，遊客很容易找到晶瑩剔 透的白玉髓，甚至連俗稱台灣藍寶的水晶翠，也不難看到一些 品相不佳的碎塊。從第一座瀑布要繼續往上游深入，則屬於專 業登山範疇，遊客必須攜帶登山繩、也要具備攀岩技巧。爬上 這座大瀑布後，會遭遇一段巨石磊磊、宛如迷宮的峽谷，最後 再遇到第二座更難克服的瀑布。馬武窟溪竹筏體驗‧部落後山尋寶‧獼猴保護區竹筏遊溪谷、撿拾藍寶趣.......坐嗒嗒車至部落後山挖寶，珍貴的藍寶石可能就在你腳下。除了藍寶石外，山上還有另一寶，就是台灣「獼猴」！討喜的模樣，總讓大人、小孩們看到後都興奮不已，但觀賞之餘，也請記得不要餵食或逗弄獼猴，以免影響牠們的棲息生態哦。而來到馬武窟溪最讓人期待的就是原住民傳統竹筏體驗，操縱划槳行至白色的帝王石旁，河域的寧靜，讓人感覺置身於圖畫中，這樣的體驗，大概也只有東河部落才有。","","","","","","","2013年60條原住民族深度旅遊路線"
51,"20130901","再見!阿塱壹~南臺灣最後未開發古道‧南田石浪濤樂章","排灣族、卑南族、阿美族","臺東縣達仁鄉","","第一天：臺東火車站→三和村(臺灣原住民登陸紀念碑與原住民創世紀傳說) →嘉蘭社區災後重建社區的美，木工坊與布工坊的文創產業→南田石藝工坊(臺灣最美鵝形硬沙岩)、重點部落社區總營造→南田廚房排灣風味+排灣古調吟唱之夜【早餐：自理  午餐：新香蘭拉勞灣部落 或 嘉蘭媽媽廚坊  晚餐：南田廚房 或 港口海鮮風味】第二天：阿塱伊古道健行(全程約4小時) →旭海村、旭海溫泉→東源村哭泣湖下午茶(排灣族小米酒咖啡+烤芋頭乾)或鐵頭行動咖啡下午茶→臺東火車站(大武站)【早餐：自理  午餐：麻里巴部落廚房 或 旭海村烏沃姆肉粽+養生茶 晚餐：自理】","","兩個太陽一個月亮"," 嘉蘭部落    嘉蘭部落位於太麻里溪溪流北岸支流的沖積扇平原上，可眺望太平洋，後有排灣族母親之稱的大武山自然保育區，四面環山，山川秀麗，景緻宜人，原稱為Buliblosan，為多霧之意，曾是大樹森林茂密，容易累積霧氣之故。老部落位於知本溪上游Kaaluwan社，日據被「集團移駐」，陸續移村現址，2009年莫拉克颱風的八八水災，造成嘉蘭村46間民宅遭洪水流失、100公頃農地被淹沒莫那克，歷經3年重建，在社會的愛、族人的勇力與包容，嘉蘭部落族人走出悲痛，看見未來。  南田村:南田村為於達仁鄉，面向太平洋，海岸邊堆滿石頭，潮汐、海浪經年累月不斷拍打，成質地堅硬、黝黑光滑、黑色的礫石上，點綴白色礦物質，圖樣多變的南田石，若願意坐在海灘，您可聽到海浪拍打粒石發出震撼持續敲擊樂章。 阿塱壹古道~南台灣最後未開發古道    一條即將走進歷史的台灣天然礫石海岸線，最後一段僅存6.9公里的阿塱壹古道，將成絕響。 也許這一次將成為最後一次看到阿塱壹，聽說達仁鄉南田村至旭海段即將即將要開通，要開發與不要開通？南田村與旭海村民、政府立場、環保團體尚未妥協。這曾經是阿美族、卑南族遷移路線，在屏東南端與當地排灣族通婚，稱為斯卡洛族群，在旭海您可看到會抓魚的排灣族，會聽到會說排灣族話的阿美族。","","","","","","","2013年60條原住民族深度旅遊路線"
52,"20130901","聆聽太魯閣族的山谷迴音-布洛灣、白楊步道","太魯閣族","花蓮縣秀林鄉","","第一天：天的圖書館→葛都桑工作室→花蓮秀林村那都蘭工作室→布洛灣山月邨第二天：布洛灣山月邨→白楊步道","","兩個太陽一個月亮"," 白楊步道    白楊步道長度為2公里，單程步行約一小時。白楊步道也是利用台灣電力公司的施工道路整建而成，溪谷美景為主要特色。穿越許多隧道與溪流，沿途風光明媚，自然生態隨季節變化，不僅是健行的最佳步道，亦是體驗太魯閣環境自然美景與生態的絕佳機會。 布洛灣    「布洛灣山月邨」布洛灣（Bruwan）從前是太魯閣族部落，意指『回音』，上台地是「布洛灣山月邨」，下台地為太魯閣國家公園布洛灣遊客中心。類似村莊聚落的整體規劃，以及獨棟雙拼的小木屋，除了有濃濃原住民原始風格外，還帶有一點點傳統唐式的懷舊味道。房間內的原住民織布吊燈及布畫可都是純手工製作，最特別的是客廳移到室外，白天可在客廳乘涼欣賞周遭美景，晚上可與家人談天觀星。","","","","","","","2013年60條原住民族深度旅遊路線"
53,"20130901","歌浪舞動&幕谷幕魚","太魯閣族","花蓮縣秀林鄉","","一日遊：花蓮出發→慕谷慕魚遊客中心→銅門電廠→清水電廠→楊清橋→夫婦瀑布→水濂電廠→瀧澗電廠→明隧道健行→清水溪→灣月峽谷→賞魚區→親水區→山刀老街→(花蓮市區名產巡禮)→返回花蓮市區OR車站&機場","","一個太陽"," 銅門派出所、銅門鐵馬驛站    基於生態保育及維護交通安全之考量，慕谷慕魚自2007年1月起實施入山總量管制，每日受理上午、下午各300人次的入山數量限制，並需於銅門派出所辦理乙種入山證，在現場核發入山許可證後始可進入。銅門派出所除受理入山證申請外，另設「銅門鐵馬驛站」，提供自行車輪胎打氣、維修工具、洗手間之借用以及飲用水、短暫休息等。 銅門發電廠、銅門檢查哨    日本人據台時期曾於木瓜溪建立小型發電廠，其中位於山壁上的銅門發電廠於民國28年11月完工、民國32年4月完成發電，後於民國33年至34年間發生兩次大水災，造成廠房以及內部設備遭埋沒後毀棄，之後台灣電力公司繼續利用木瓜溪高低落差大的河川特性及水流沖擊優勢，自上游至下游分別修建龍溪、龍澗、水濂、清水、清流、銅門、榕樹、初英等水力發電廠，其中以龍澗發電廠之發電量為最大，而台灣西部90%的電力來源則由這八座發電廠所產生。銅門發電廠前吊橋旁之銅門檢查哨即為進入慕谷慕魚生態廊道前的檢查哨，憑入山許可證即可進入一探幽谷美景。 揚清橋、清流橋、賞魚區、戲水區    橫跨於於清水溪上的揚清橋，由於所有原物料均需溯溪運送，故造價相當昂貴，而清流溪與清水溪匯集處之清流橋，由於汽車過橋後無法迴轉，故建議下車採步行方式遊覽，用雙腳體會、並親近慕谷幕魚的生態之美。遊覽慕谷慕魚生態廊道美景，還可參考導覽地圖前往廊道規劃的賞魚區及戲水區，踏入沁涼溪水中消暑或親近魚群。 銅門山刀街    銅門地區居民利用當地特有的礦物「銅」打造各式山刀、擺飾等具特色的紀念品，迄今仍有許多高掛打鐵店招牌的店，也能經常聽到鏗鏘清脆的打鐵聲，讓銅門地區有別於其它太魯閣部落。 清水發電廠    位於慕谷慕魚生態廊道之終點，原名「清水第一水力發電所」建於民國28年，屬台灣境內歷史最悠久的發電廠，由於沿岸隧道僅容一車通行電廠也未開放，且目前為遙控電廠故人車罕至，也因此保有自然原貌。","","","","","","","2013年60條原住民族深度旅遊路線"
54,"20130901","馬太鞍捕魚祭--一窺生態捕魚的秘密","阿美族","花蓮縣光復鄉","","一日遊：花蓮縣光復火車站→馬太鞍溼地，馬太鞍邦查文史工作室→馬太鞍部落→部落巡禮→馬太鞍祭祀廣場→天主教→古屋→小古屋→六十六代頭目之家 →光復觀光糖場 (日式建築)","","一個太陽"," 馬太鞍濕地生態園:馬太鞍濕地生態園區位於花蓮光復鄉馬錫山腳下，依傍中央山脈，三面環山，是一處天然的沼澤濕地，佔地面積近百公頃。馬太鞍「VATAAN」是當地阿美族對樹豆的稱呼，這種樹豆阿美族人將其視為吉祥物，隨身攜帶，到處播種，馬太鞍這一帶即以「長滿樹豆的地方」而得名。近年來，馬太鞍濕地更以栽種夏季景觀蓮花田聞名；盛夏時，荷葉連天，荷花怒放，吸引許多人前來，遊客可沿著木棧道，近距離欣賞蓮花之美。光復糖廠:糖業在花蓮的發展，開始於漢人經營的「糖廍」為主。日治初期，才由日本人賀田金三郎所主持的賀田組經營，1913民國2年「台東拓殖株式會社」在花蓮縣壽豐鄉設立「壽工場」，又稱為「鯉魚尾糖廍」；1914民國3年再由「鹽水港製糖株式會社」買收，民國10年另在光復鄉設立「大和工場」，以擴大製糖產量。二次大戰末期，這兩處工場均遭盟軍毀損。光復後，台糖公司接收，決定拆除毀損較嚴重的「壽工場」，修復大和工場並更名為花蓮糖廠，成為東部地區的製糖重心。由於糖廠位於光復鄉，因此常被稱為「光復糖廠」，其實「花蓮糖廠」才是官方正式銜名。","","","","","","","2013年60條原住民族深度旅遊路線"
55,"20130901","奇美部落慢活體驗","阿美族","花蓮縣瑞穗鄉","","一日遊：搭乘火車抵達瑞穗車站→搭奇美部落接駁車前往部落→奇美文物館導覽→傳統家屋內部解說秀姑巒溪生態解說→離開部落→火車返回","","一個太陽","奇美是阿美族「秀姑巒阿美」群最古老的部落之一，據說它也是阿美族漂抵台灣後最早建立據點。村中也是第一座最早經營原住民民宿的阿美族部落。奇美自古就是一個易守難攻的部落，因為秀姑巒溪切穿海岸山脈，讓這個位居層疊山巒之間的部落，擁有更多迷人的景致。在奇美漫步是一件輕鬆愜意的事，與自然山水融為一體的聚落，隨著坡度變化的視野，曲折而富有變化。 奇美文物館     奇美博物館總面積約2000坪，位於奇美實業大樓第5至8樓，博物館藏品內容豐富多樣，包括古文物、世界頂級的珍貴名琴、數百年前的日本武士刀、文藝復興及各畫派之經典作品;此外，還包含鳥類、動物標本等多元化的收藏，讓觀眾即使不出國，也能欣賞世界各地的文化精髓，可謂立足台灣，放眼世界。 秀姑巒溪生態解說     秀姑巒溪是唯一發源自中央山脈東坡，而且貫穿海岸山脈的溪流，全年河水豐沛，為全台第一大河川。秀姑巒溪的下游，包括瑞穗鄉瑞美村以東到豐濱鄉港口村，這段河沿岸風景秀麗，水流湍急，是泛舟運動的主要河段，也是自然景觀最為豐富的地方，其變化之豐富，堪稱為大自然中的地理教室。秀姑巒溪下游瑞穗到大港口段，由於此河道切穿了海岸山脈形成峽谷，河道蜿蜒曲折，曲流及河階地形極為發達，兩岸幾乎是陡峻山壁聳立的地形。 傳統家屋內部解說    部落年輕人在耆老的帶領下，以傳統工法合力建造完成。在準備建材的時候，外地工作的年輕人，每到週末就分批回來採藤、砍箭竹。此外，明季還告訴我們，過去部落裡只要有人要蓋房子，年齡階級的年輕人都會義務幫忙。而準備蓋房子的材料也許耗費2到3年，但正式動工的時候，年齡階級一動員起來，沒幾天就可以把房子蓋好。在廚房後方還另有一間茅屋，每三年就會拆掉重建，目的是為了讓建造家屋的傳統和技藝持續傳承下去。早期升火困難，平常都是由老人家留守，不讓火熄滅。","","","","","","","2013年60條原住民族深度旅遊路線"
56,"20130901","河濱散記-阿美族的自然生活：奇美部落","阿美族","花蓮縣瑞穗鄉","","第一天：奇美傳統茅屋初體驗→溪邊放蝦籠、撿麥飯石→風味午餐→奇美文物館導覽解說（含豐年祭、捕魚祭文化，年齡階級講解）→石頭火鍋風味晚餐→奇美夜未眠（夜宿傳統茅屋，或部落民家）第二天：文化泛舟體驗（或登山古道）收蝦籠→風味午餐→賦歸","","兩個太陽一個月亮","在自然美景中來到充滿神秘色彩的古老部落，參觀奇美博物館，了解阿美族的傳統生活與工藝，在傳統的茅屋裡過夜。安排與大自然共生的體驗：到秀姑巒溪放蝦籠與三角網打水捕魚、自己生火煮飯，削竹做碗、筷與檳榔苞鍋子、阿美族童玩與手工藝DIY、奇美傳統石頭火鍋料理、與純真熱情的族人相處，體會原汁原味的奇美部落生活。","","","","","","","2013年60條原住民族深度旅遊路線"
57,"20130901","馬里巴西風情賞透透","太魯閣族","花蓮縣萬榮鄉","","一日遊：花蓮市區(火車站) →小巴→馬里巴西太魯閣","","一個太陽"," 萬里溪除了美麗的河谷外，處處是驚喜。萬里溪的石頭相當的漂亮，各式各樣的石頭，都有深綠的蛇紋石，有血紅的雞血石，深刻的紋路別具一番風味，只要花點心思四下張望，就會發現不少的寶。萬里溪為花蓮溪一大支流，流域範圍廣闊，源頭遙遠而水流漫，中游水量浩大，上游最出名的水源是中央山脈主稜丹大山脈上令人神往的拔子湖，溯行難度極高，自來我把循溪抵池當作溯溪活動的終極目標。 七彩湖七彩湖位於南投與花蓮交界處，六順山以北直線距離約三公里的中央山脈東側，行政區域屬花蓮縣萬榮鄉。七彩湖又名鹿池，據說過去常有成群的野鹿嬉戲其間。七彩湖還有另一個名稱：「七星湖」。該區位於七星崗伐木站，湖東就是林田山林場，因此林場的工作人員就以「七星」為湖名，據說是因為湖水常映夕陽，反射出七彩光芒，而起名。位於海拔二千九百公尺處的七彩湖雖深藏於高山峻嶺間，仍然吸引眾多山友不辭辛苦前往。七彩湖有大小兩湖，就如兩面清淨的鏡子。在此地紮營，領略大自然的幽美靜謐，坐擁湖畔山水的自在，欣賞夕陽黃昏美景及入夜後的滿天星辰，是人生一大樂事。 萬榮鄉原住民文物館萬榮鄉原住民文物館於九十五年度經行政院原住民族委員會評定為小而美的文化館藏，總面積為806平方公尺，是太魯閣族及布農族的文化綜點館舍，主要的規劃設計以提供技能訓練、藝術表演、文物典藏及展示等多元服務，並設有文化展演場、文物陳列室及小型會議室等設施，是一個貝有知識性、藝文性與休閒性的文化場域。 萬榮溫泉萬榮溫泉泉質屬於含鐵性氯化物碳酸鹽泉，是全省唯一碳酸鹽泉，水溫約攝氏 48 度，對於治療痛風、婦女病、神經麻痺等具一定療效。若想拜訪此區，建議可以聯絡當地的導遊或者熟悉此區的朋友當響導會比較安全，經過一段車程後得沿著萬里橋溪步行到營地，然後順著營地續行即可達溫泉區。萬榮溫泉的水質特別清晰，知道此溫泉的人不多，少了人為的破壞，還保持著最原始的風貌，前往萬榮溫泉最適合的時間是12月份到3月份左右，建議您盡量步行到此區不要開車，保持溫泉區最自然的原貌。 西寶溫泉林田山失落的繁華故事，隱藏在山中，而西寶溫泉位於林田山萬里溪境內，必須於枯水期乘四輪傳動車，沿河床前行，林田山當地居民常前往泡溫泉，山谷遼闊，河床寬廣，一路進入充滿野趣的大自然。逢季節可見野梅樹盛開，為一動人之梅花溪谷。 林田山林業文化園區林田山原名「摩里沙卡」(森林的日語發音，現稱森榮)，這個離花蓮市約四十公里，隱身在中央山脈腳下，因木材而繁華的小山城，民國50年代是林田山伐木的全盛時期，聚集了約四、五百戶人家，約二千多人居住於此，十足是因木材而繁榮的山中城鎮。　　光復後，林田的伐木數量漸漸減少，到民國七十八年就已停止伐木。曾因木材產業而盛極一時的林田山林場雖因林業政策的轉變，昔日『小上海』美譽的景況不再。不過，園區內仍保有許多當年遣留下來之特色建築與設施，如：日本式木造魚鱗黑瓦房的「日式住宅區」、運輸產地原木的「森林鐵道等等，其歷史意義與其建築語彙，為歷史紀錄不可抹滅的最佳佐證。　　林田山是台灣遺留下來最完整、最具特色的伐木基地，無論規模或重要性，都是台灣林業開發史上重要的據點與見證。近年來，林務局推動社區林業計畫，將林業帶入社區，社區結合林業，以再造林田山為一座林業文化園區的理想努力著，試圖用另外一種的內涵方式，使沉寂已的林田山風華再現。","","","","","","","2013年60條原住民族深度旅遊路線"
58,"20130901","宜蘭泰雅風情一日遊","泰雅族","宜蘭縣大同鄉","","一日遊：台北-松羅部落松羅國家步道-三個伊娜的店部落餐-泰雅生活館館內導覽-九寮溪生態園區導覽、解說【早餐：自理  午餐：三個伊娜的店泰雅風味餐】","","一個太陽","泰雅生活館傳承展現優美原住民文化。期望透過文化（物）館的設置，
 除能保存原住民傳統文物、紀錄部落的文化發展歷史之外，
 同時能成為地方鄉土教學、部落教育之自我學習與成長的場域。松羅部落松羅國家步道松羅國家步道，
 位於宜蘭縣大同鄉松羅村，北部橫貫公路宜蘭支線上，由松羅村進入步道入口，可見清澈見底的溪流，
 封溪後形成稀有的台灣鯝魚成群，水中翻肚的螢火蟲，令人驚艷。天然的溪瀑幽徑，幽幽地蜿蜒在茂密的森林中，沿著松羅溪而上的步道全長2公里多，保有原始豐富自然生態，也是蘭陽地區消暑最佳步道之一，是羅東林管處在宜蘭縣內已開闢的第六條國家級步道。 九寮溪生態園區九寮溪步道總長1.8km(園區至步道入口約2.2km)，屬典型的亞熱帶森林，旺盛的蕨類植物和地被植群、高聳的闊葉樹及樟科植物，還有各種昆蟲，沿途4座吊橋，有象徵祖靈之眼的豁雲橋，吊索做成的巴尬吊橋，以及沒有牌樓、橋墩的哈隘吊橋，一直到終點的拱橋是臨瀑橋，美麗雄偉的戈霸瀑布在眼前展開，讓人身心舒暢，因為先天的地質條件再加上九寮溪流的又快又急，於是切割出陡峭的河谷，也把原本平緩匯流口分出了高低落差，於是這個瀑布就如我們所見，高約50公尺，雨季水量大時，瀑布寬度可達5公尺垂掛在山的肩膀上。園區至步道入口路段較無林蔭遮蔽，建議可騎乘單車，十分涼爽，
 但後面路段為石頭路需較為小心。步道規劃完善，老弱婦孺皆可行走~","","","","","","","2013年60條原住民族深度旅遊路線"
59,"20130901","漫遊幽聖美地－雲霧故鄉比雅楠部落","泰雅族","宜蘭縣大同鄉","","一日遊：台北→比雅楠部落南山檜木林道→羅葉尾溪生態導覽、解說【早餐：自理  午餐：泰雅風味餐】","","一個太陽","南山檜木林道    南山檜木林區內有數十棵千年扁柏檜木，山徑林道途中盡是參天的古木，並攀爬著如手臂般粗的藤蔓。檜木林步道可連接思源埡口，是部落早期的遷徙山徑，相傳遠古以前泰雅族3兄弟，從南投帶著族人來到思源埡口後，決定分散往新竹、桃園、宜蘭、花蓮等地定居，分開前大家約定要永遠相互扶持，部落間如果發生了爭執，就回到當初祖先分手的地點和解。近年在南山檜木園區裡發生了4棵千年檜木、8棵紅檜樹頭被盗伐的事件，盜伐的山老鼠中有部分是司馬庫斯的族人，於是司馬庫斯耆老帶領部落族人回到思源埡口羅葉尾溪旁，與南山部落族人依照傳統舉行和解「血祭」儀式，以古調吟唱敘述遷移往事，並以小米酒敬告天地和祖靈。因此部落裡成立了比雅楠山林守護隊，捍衛南山部落的原始檜木林。羅葉尾溪    羅葉尾溪，泰雅語叫「Gon-bkan bilaq」,是大同鄉南山部落的Qyunam (傳統漁場)。過去這條溪有成千上萬的lngbang (櫻花鉤吻鮭)，部落每年到了五六月份時，就會由Mrhuw(頭目)召集各qutux gaga(半部族)的pklahang gaga(祭司)商討魚撈事宜，在魚撈活動結束後，部落就會按戶口平均分配魚穫，這是部落與櫻花鉤吻鮭在文化面的歷史連結。近年來因為自然環境的改變，櫻花鉤吻鮭因此失去了曾經屬於牠們的Gon-bkan bilaq，南山部落族人熟悉的櫻花鉤吻鮭也不復蹤影。2009年6月，雪霸國家公園在羅葉尾溪進行野放櫻花鉤吻鮭的工作，並積極的與南山部落社區領袖進行說明與諮商，由部落籌編一個常設性的護魚巡守隊，來負責放魚後的整個護魚護溪的任務。這幾年來，復育工作一直在持續的進行著，根據巡守隊表示溪裡的櫻花鉤吻鮭數量已有明顯的增加，魚的大小也有顯著的成長，慢慢開始有學校及民間團體跟部落聯繫，由部落安排導覽認識羅葉尾溪沿途的自然生態。","","","","","","","2013年60條原住民族深度旅遊路線"
60,"20130901","不一樣的月光.南澳人文記事二日遊","泰雅族","宜蘭縣南澳鄉",""," 第一天:和平站→澳花部落、澳花瀑布、澳花國小→武塔部落 (沙韻橋、紀念碑、武塔國小) → 金岳村 (沙韻紀念鐘、金岳基督長老教會)  第二天東岳部落巡禮(部落巡禮、部落泰雅風味餐)→南澳泰雅博物館→南澳泰雅鞋創意工坊+南澳咖啡→南澳火車站","","一個太陽"," 澳花部落    這是賽德克巴萊飾演年青莫那大慶的故鄉，2001年以前大慶從未離過開故鄉，在和平水泥廠任職大貨車司機，澳花瀑布是部落小孩、大慶最喜愛的戲水爬山的後花園，澳花國小成立於1927年，日據時期稱之為『台北州蘇澳大濁水番童教育所』，校內有一棵600年的老樟樹，大慶的母校也有大家相同的童年記憶。 金岳部落    發生於1935年泰雅族少女沙韻，為護送老師下山不慎落水失蹤，故事傳唱至今，金岳村是從舊部落遷村於此，林慶台未出道前在部落的教會傳福音，這裏有美的村莊，感動的故事。 南澳泰雅鞋創意工坊    2011年原民會永續部落產業輔導社區，南澳鞋的源起是社區發展協會理事長張遴，無意中結識了製鞋經驗豐富的師傅陳衛國，在台灣、印尼及大陸從事製鞋業已有41年，退休後返回南澳，南澳社區於是成立「泰雅創意製鞋工坊」，將泰雅族的圖騰與編織技術，全力發展泰雅手工鞋，為社區創造在地就業，發展在地特色。 東岳部落    東岳部落由宜蘭縣多必優原住民永續發展協會輔導， 擁有「山海樂園」之美稱的大東澳地區，因好山好水，美麗的東澳灣、金色的沙灘、高聳的青山、沁涼清澈見底的湧泉…，彷若一塊正被人發現的璞玉一般，大家爭相目賭與雕琢，在過去的一年裡吸引了不少外來的遊客到此一遊。以當地自然景觀，結合部落木雕工作室、泰雅舞蹈及泰雅美食等，推廣部落觀光休閒產業。    本年度持續發燒東岳原鄉之美遊程體驗，讓您重新定義「旅行的意義」，以和平的心靈、緩慢的腳步，細嚼旅途中所發生的每件事、遇見的每個人…傳統泰雅族的迎賓，帶領你探索原鄉之美。進入babaw kulu健康步道，就如同進入泰雅族部落的傳統領域，跟隨著泰雅獵人的腳步，沐浴在大自然的芬多精，看見泰雅文化之美、學習泰雅族人山林智慧，並藉由部落街巷道歷史與規劃的足跡、了解東岳部落營造歷程及欣賞原鄉的真善美。","","","","","","","2013年60條原住民族深度旅遊路線"
61,"20130601","再見!阿塱壹--南臺灣最後未開發古道‧南田石浪濤樂章","排灣族.卑南族.恆春阿美","屏東縣／台東縣","1.南迴公路 ：高雄→屏東（枋山鄉→楓港）→臺9線屏東縣獅子鄉→臺東縣達仁鄉→大武鄉→太麻里鄉循指標前進。2.花東縱谷 ：花蓮→臺9線臺東縣池上鄉→關山鎮→鹿野鄉→卑南鄉→太麻里鄉，循指標前進。3.花東海岸 ：花蓮→臺11線臺東縣長濱鄉→成功鎮→東河鄉→臺東市→太麻里鄉，循指標前進。","第一天 ：臺東火車站→三和村(臺灣原住民登陸紀念碑與原住民創世紀傳說)→嘉蘭社區災後重建社區的美，木工坊與布工坊的文創產業→南田石藝工坊(臺灣最美鵝形硬沙岩)、重點部落社區總營造→南田廚房排灣風味+排灣古調吟唱之夜。早餐 ：自理。午餐 ：新香蘭拉勞灣部落 或 嘉蘭媽媽廚坊。晚餐 ：南田廚房 或 港口海鮮風味。第二天 ：阿塱伊古道健行(全程約4小時)→旭海村、旭海溫泉→東源村哭泣湖下午茶(排灣族小米酒咖啡+烤芋頭乾)或鐵頭行動咖啡下午茶→臺東火車站(大武站)。早餐 ：自理。午餐 ：麻里巴部落廚房。 或 旭海村烏沃姆肉粽+養生茶。晚餐 ：自理。","全年","兩個太陽一個月亮","阿朗壹古道--南臺灣最後未開發古道 ：一條即將走進歷史的臺灣天然礫石海岸線，最後一段僅存6.9公里的阿塱壹古道，將成絕響。也許這一次將成為最後一次看到阿塱壹，聽說達仁鄉南田村至旭海段即將即將要開通，要開發與不要開通？南田村與旭海村民、政府立場、環保團體尚未妥協。這曾經是阿美族、卑南族遷移路線，在屏東南端與當地排灣族通婚，稱為斯卡洛族群，在旭海您可看到會抓魚的排灣族，會聽到會說排灣族話的阿美族。","南田村高富源村長、高玉珠(089)702-145、0922-287842、0955-717587。藍色東港溪保育協會(08)788-8438、actkr.taiwangmail.com。阿塱伊古道(旭海－觀音鼻暫訂自然保留區)入園申請/屏東縣政府全球資訊網站。","8月豐?祭（收穫祭）Masalut、五年祭(土板) ","排灣族 ：Navenala sun你好Masalu 謝謝卑南族 ：Inavayan你好Irayuwan謝謝阿美族 ：Ngaay ho kiso你好Aray謝謝","30人","約4950元","山葡萄麗園、南田村寄宿家庭","2012拜訪部落"
62,"20130601","牡丹鄉排灣族--CACEVAKAN 遺址、石門古戰場、萬金天主堂","排灣族、平埔族","屏東縣泰武鄉、萬巒鄉、來義鄉、車城鄉、牡丹鄉","屏東─24省道─水門右轉─185縣道─沿山公路─泰武營區右轉─泰武國小。","第一天 ：高雄(高鐵左營站)→泰武國小(古謠傳唱隊)→吾拉魯滋部落→萬金天主堂(開教始於1861年為全臺首位)→來義國小→日據二峰圳伏流水工程→車城→878年牡丹社事件的故事(琉球番民墓→石門古戰場)→排灣族風味BBQ+部落民歌演唱。宿 ：牡丹山莊、紅瓦屋民宿、茴香戀戀溫泉、哭泣湖石頭屋民宿。早餐 自理。午餐 ：在地風味料理。晚餐 ：排灣BBQ+部落民歌演唱。第二天 ：cacevakan 遺址/高士排灣族的古老部落)→佳德谷原住民藥物園區DIY→高雄。早餐 簡餐。午餐 麻里巴廚房 或 佳德谷原生植物園區。晚餐：自理。","全年","兩個太陽一個月亮","1. 重回1878年牡丹社事件--石門古戰場，聽部落族人訴說排灣祖先抗日的英勇故事。2.排灣族專業導覽進入排灣舊部落，認識排灣族傳統建築藝術、工藝及民俗植物。3.探索消失的石板屋王國cacevakan 遺址與高士（kuskus）排灣族paljilauljilau群的古老部落。4.品嚐麻里巴部落廚房或佳德谷排灣族創意料理。5.佳德谷原住民植物藥物園區 ：認識民俗藥用植物與花草DIY。6.四重溪泡湯 ：清泉山莊曾接待日本天皇之弟高松宮宣仁渡蜜月而擴建，已有８０餘年歷史，南臺灣大飯店唯一觀光溫泉旅館-景福山莊，民國４３年時先總統蔣公曾於山莊避暑。","牡丹山莊古英勇 (08)883-10760935-845213。","五年祭、7--8牡丹野薑花季、8月豐?祭 ","Navenala sun你好Masalu 謝謝","20人","約4500元","牡丹山莊、紅瓦山莊、茴香戀戀溫泉、哭泣湖石頭屋民宿","2012拜訪部落"
63,"20130601","東臺灣人文記事--美麗都蘭灣","阿美族、卑南族","臺東市、東河鄉","臺東市→中華路→中華大橋→１１號省道→１９７號縣道→富源→富隆→利吉月世界。","第一天 ：臺東利吉惡地→嘎嘎娃桑(石山部落)，永續部落產業與原創，社區空間美學巡禮→卑南史前博物館(卑南文化3000年的深入對話)→鐵花村原民創作歌手展演，與部落市集。宿 ：臺東原住民會館.或 臺東公教會館。早餐 自理。午餐 ：石山部落廚房。晚餐 ：米巴奈 或 岩灣客棧 或利嘉原始部落原住民風味餐廳 (可看夜景)。 第二天 ：都蘭藝術糖廠(駐村藝術家的對話、都蘭山劇場與阿美族老兵的故事)→都蘭灣的美麗海岸、都蘭鼻阿美族祖靈地→樹皮DIY→比西里岸PAWPAW鼓+下午茶→臺東火車站(機場)。若時間人數時間允許，建議安排東河瑪洛阿瀧阿美族貢多拉的竹筏體驗。早餐 ：簡餐。午餐 ：成功旗魚 或 部落達魯岸。 晚餐 ：卑南包子。","全年","兩個太陽一個月亮","1. 比西里岸PAWPAW 鼓樂團 ：三仙社區發展協會理事長陳春妹，為了建立部落人文產業，讓部落孩子們有學習的機會，與藝術家合作，將定置魚網船破舊浮筒切半作成手鼓，發出的聲音為PAW PAW，阿美族語的「paw paw」（音讀寶抱）意指浮筒。比西里岸pawpaw鼓創始人范志明善用阿美自然素材，結合傳統編織、圖騰彩繪、雕刻等，完成風格獨具的pawpaw鼓。在企業界及嚴長壽先生的參與下，現已成功讓小孩及部落族人走出不一樣的路，讓更多人看原鄉的美與簡單。","臺東縣臺東市富豐社區發展協會/宋博芳/0912788651、089-231817。比西里岸pawpaw鼓樂團 陳春妹/0988353122。","7-8月豐年祭、海祭。12月卑南大獵祭。","卑南族 ：Inavayan 你好Irayuwan謝謝","30人","約4200元","原住民會館 或 臺東公教會館","2012拜訪部落"
64,"20130601","花東縱谷單車人文旅行-鄉村、溫泉、部落","阿美族、撒奇萊雅族、布農族、卑南族","花蓮縣、臺東縣","搭火車前往花蓮火車站。約245公里","第一天 ：花蓮火車站→德固灣撒奇萊雅文化廣場、撒奇萊雅酒莊→吉安鄉七腳川部落→慶修院(七腳川事件與日本移民村）→東華大學→鳳林老樹→光復糖廠→校長夢工廠→馬太鞍部落紅瓦屋石煮野菜、下午茶→富源（拔仔庄）→瑞穗溫泉SPA。早餐 ：自理。午餐 ：便當＋水果。晚餐 ：瑞穗在地美食 (公里數 ：約90公里)。.第二天 ：瑞穗泛舟遊客中心（單車學校）→瑞穗大橋→麻汝稻田鄉間小路→高寮(赤科山金針花與火龍果)→東豐社區有機田→玉東自行道(秀姑巒溪玉里斷層)→長良→古風社區(布農族部落)→富里農會花海→大波國小池上斷層→伯朗咖啡大道→關山環鎮自行車道→分享之夜（單車VCR）。早餐 ：自助式早餐。 午餐 ：便當＋水果。 晚餐 ：關山在地美食(公里數 ：約90公里)。.第三天 ：武陵綠色隧道→永安部落（武陵外役監與峽谷斷橋）→龍田移民村、躺馬路(阿度導覽解說)→高臺茶園、飛行傘基地→鹿鳴橋(紅業村與紅葉少棒的故事)→龍過脈部落→卑南文化公園(卑南文化遺址)→琵琶壺、活水湖、南島文化公園→臺東火車站（機場）。早餐 ：自助式早餐 。午餐 ：愛嬌姨茶餐。晚餐 ：卑南包子或鐵頭大魚丸燒(公里數 ：約55公里)。","全年","三個太陽二個月亮","用單車發現臺灣人文角落之美，行程內含單車學校、人文導覽、社會公益、自我潛能發揮、團隊建立與分享。","部落單車達人/瓦旦.拉必0928-226043。臺東探索車行/林仁秋 0972-600772。","4月射耳祭。7、8月豐年祭。10月火神祭。","阿美族：Ngaay ho kiso 你好Aray謝謝撒奇萊雅族：Mahicato你好Kokay謝謝布農族 ：Mihumisang你好Uninang謝謝卑南族 ：Inavayan 你好Irayuwan謝謝","20人","約10000元 (花東臺東報到)","瑞穗虎爺溫泉山莊、黃家木屋溫泉山莊、瑞雄溫泉渡假山莊、富南磚窯屋、關山山水軒渡假村","2012拜訪部落"
65,"20130601","阿美族巴歌浪舞動之夜--水梯田海稻米、米粑流藝術村","阿美族、太魯閣族、噶瑪蘭族、撒奇萊雅族","花蓮縣鳳林鎮、豐濱鄉、新城鄉","沿臺九線南下，至鳳林鎮東行往海岸山脈側，即可通往箭瑛大橋。","第一天：花蓮火車站→箭瑛大橋(1977年兩位老師的故事)→海岸山脈的桃花源~吉拉卡樣(山興部落)→太巴塱阿美族發源地(阿美族祖源與史前石器文物)→沙娃綠岸下午茶+頸環DIY阿美族巴歌浪舞動之夜。早餐:自理。午餐:｢山興部落廚房野菜饗宴｣或｢四代務農餐坊｣ 。晚餐：｢沙娃綠岸｣或｢陶甕春天百合｣或｢升火工作室｣。.第二天：水梯田海稻米的天空與幸福(找回土地的生命，找回人與人互動的心，當花東海岸土地不斷被BOT、政府徵收、族人賣地，68戶居民約定不要休耕、不要賣地)→米粑流藝術村(駐村藝術家創作分享)→新社部落(噶瑪蘭族)→葛都桑音樂工作室+獵人學校→有臺灣原住民LV包品牌之稱的Yuli Taki工作妨→花蓮(新城)火車站。早餐:部落早餐。 午餐:櫻花田野養生無毒農業火鍋餐。晚餐：自理。","全年","兩個太陽一個月亮","1.石梯坪水梯田~海稻米：由於土地問題，1979年花蓮水利局將阿美族傳統耕作地斷水之後，那些滋養農作物的水路也荒廢，族人種植豐碩糧食的水梯田無法再供養族人，變成乾枯貧瘠。隨後土地跟流失，當土地長出來的不再是糧食，卻是一棟又一棟的民宿，阿美族行動藝術家｢舒米｣心痛不忍，絞盡腦汁尋求各方資源，要讓土地重新孕育出糧食、種出農作物。於是他們做的第一堂課是水田復育，讓水圳修復重現過去族人換工｢米粑流(互惠之意)｣的分享互助環境。","升火工作室 林鳳美(舒米)0910-864276。沙娃綠岸 陳英彥 03-8781243。","7-8月阿美族、噶瑪蘭族豐年祭。10月太魯閣族感恩祭、10月撒奇萊雅火神祭。","太魯閣族：Gmbiyax su ho你好Mhuwaysu balay謝謝撒奇萊雅族：Mahicato你好Kokay謝謝阿美族：Ngaay ho kiso 你好Aray謝謝噶瑪蘭族 ：Nngi aisu你好Wanai謝謝","30人","約6500元","德蕾沙山莊、巴歌浪船屋、千禧山莊、沙娃里岸寄宿家庭、石梯33號民宿","2012拜訪部落"
66,"20130601","南臺灣原鄉部落騎遇記(挑戰級)","排灣族","高雄市、屏東縣","國道3號→田寮下交流道→旗山→140縣道→美濃(往中正湖方向)。約250公里。","第一天 ：高鐵左營站專車接送美濃人字山莊→109線道美濃自行車道→鍾理和紀念館→東門樓→美濃自行車道→竹子門發電廠→新威森林→新威大橋→大津橋→高樹鄉自行車道→青山部落→馬兒部落→沿山自行車道(南臺灣著名最挑戰車道)→達卡蘭部落(綠色隧道、頭目家族文物館)→賽嘉部落→三地門地摩兒水門之夜。早餐 ：自理。午餐 ：美濃美綠緣生態農場客家風味。晚餐 ：排灣族勇士宴 。公里數 ：約70公里。第二天 ：藝術家參訪(排灣族貴族贈送幸運之珠)→涼山部落→185線道→吉貝木棉林→泰武國小(古謠傳唱隊)、吾拉魯姿部落→萬金天主堂→來義國小→古樓(伏流水工程)→屏鵝公路→車城→琉球番民墓→四重溪溫泉→分享之夜(單車VCR)。早餐 ：自助早餐。午餐 ：便當+水果。晚餐 ：洋蔥+鴨蛋風味餐或排灣族BBQ。公里數 ：約105公里。第三天 ：石門古戰場→牡丹水庫→牡丹國小→199線道→旭海村→26線道→九鵬永久屋基地→港仔村→響林村→長興國小滿洲鄉(人文古厝、海角七號場景)→風吹砂→鵝巒鼻國境之南→統一渡假村梳洗→恆春專車接送高雄左營站。早餐 ：自助早餐。午餐 ：便當+鮮魚湯+水果。晚餐 ：便當(包子)。公里數 ：約80公里。","全年","三個太陽二個月亮","用單車親近土地，暢遊南臺灣排灣族部落，藉由藝術、人文、美食、生態、歷史事件，發現臺灣人文角落之美，行程內含騎乘技巧教學的單車學校、潛能發揮、社會公益、企業團隊建立與分享。","部落單車達人/瓦旦.拉必0928-226043。臺東探索車行/林仁秋 0972-600772。","五年祭、7月麻里巴狩獵祭、8月豐?祭","Navenala sun你好Masalu 謝謝","20人","約19000元 (高雄報到)","文化園區鐵馬驛站、大洲花園渡假山莊、四重溪南臺灣大飯店、牡丹山莊、紅瓦屋","2012拜訪部落"
67,"20130601","原住民新桃花源--禮納里(RINARI)‧達瓦達旺舊部落","排灣族、魯凱族","屏東縣三地門鄉、瑪家鄉","由北部南下至臺南接南二高到屏東九如交流道下，沿3號省道行駛至屏東市，再接24號省道往三地門方向於水門村循指標右轉前行可抵(交流道至此約37公里)。","第一天：高雄左營高鐵站→原住民文化園區(臺灣原住民文化、建築、工藝、文化創 藝展示)→禮納里部落、紅黎工坊→排灣族勇士宴→三地門夜景。早餐 ：自理。午餐 ：文化園區或禮納里部落廚房。晚餐 ：山中天或答發給力。第二天 ：地摩兒的早晨(07 ：00點以前三地門彷如天堂)→達來達旺舊部落探索(農用法拉力+健行45分鐘、石板屋遺址→全臺最大的石板屋聚落)→舊部落野餐→排灣族藝術家參訪+下午茶(山中天、古琉坊、青蜓雅築、沙滔琉璃藝術工坊、排灣三堡、彭春林編織工坊..)→高雄左營高鐵站。早餐 ：活力早餐。午餐 ：野餐。晚餐 ：自理。","全年","兩個太陽一個月亮","1.禮納里(Rinari) ：排灣族的名稱為Rinari，意為「我們一起走，大家一起往那兒去的地方」。莫拉克88水災後，政府與世界展望會合作，援建禮納里部落，提供好茶、大社、瑪家部落居民安居進住。原住民歷經不同朝代與人為天災，2011年後，排灣、魯凱族人在里納禮重新孕育人文、藝術、安靜、自然、悠閒的社區桃花源。","林晨意 08-7740475 7703202轉7143 屏科大森林社區研究室。","7月魯凱族小米祭、8月排灣族豐?祭","魯凱族：Margagi musu你好Takdrengesu謝謝排灣族：Navenala sun你好Masalu 謝謝","20人","約4000元","大洲花園渡假山莊、山中天、原住民寄宿家庭","2012拜訪部落"
68,"20130601","探索布農族最神秘面紗--武界、曲冰遺址","布農族","南投仁愛鄉","沿臺14線剛要進入埔里市區前需先過一座「愛蘭橋」過橋後(紅綠燈)馬上右轉→直走到底→再右轉→往武界方向。"," 第一天：南投埔里小鎮→麒麟國小(藝術又美麗的校園)→武界部落人文生態巡禮(法治國小、思源吊橋、舊武界霸(大觀水庫)、石頭城→夜間觀察+烤肉+小米酒+布農族的民歌。早餐 ：自理 。午餐：埔里紹興風味。晚餐 ：部落有機餐 或 烤肉BBQ。第二天：溯溪(曲冰橋、石板灌渠、原始林、精靈瀑布、水濂洞、天使瀑布群，溪谷景觀與天然SPA)→曲冰遺址(探索1500→2000年鐵器時期文化，史前石器與陶片遺址，尚保存完整的岩棺遺址)→松林舊部落(阿郎打亞)→萬大水庫→人止關→埔里。早餐 ：活力早餐。午餐 ：部落風味。 晚餐 ：自理。","全年","兩個太陽一個月亮","1.武界、曲冰 ：武界、曲冰對大多數來說既熟悉又陌生，所以還保有原來傳統與自然，是布農族分布最北的社群，布農族(干卓萬群)曾與賽德克族(霧社群)發生多次爭戰，其中最有名的就是『姐妹原事件』，武界曲冰位於奧萬大下游、埔里上方與仁愛鄉間的山林峽谷中，海拔750公尺，每當清晨日出曙光微微照亮，朦朧雲層瀰漫著整個寧靜的部落、仿如披著薄薄神祕面紗，夢幻於山脈溪流峽谷間，有「雲的故鄉」美譽。","南投縣仁愛鄉武界社區發展協會/楊志明 0910-74227404-25687018。武界休閒民宿 049-2977066，0963249463、0928955468。","5月射耳祭 ","Mihumisang你好Uninang 謝謝","15人","約4800元","武界休閒民宿(石板屋)、達瑪拉善民宿、虹谷農場民宿、部落寄宿家庭","2012拜訪部落"
69,"20130601","渡邊吉海秧--大農大富平地森林單車遊","阿美族","花蓮縣光復鄉、壽豐鄉","花蓮糖廠門口→右轉中山路（北上）→光復橋→光復橋北端左轉前行穿越臺9線→穿越東線鐵路→右轉後第一個路口左轉→沿指標前進。","第一天：花蓮火車站→馬太鞍溪無毒農場→大農大富平地森林單車遊→太巴塱部落祖靈屋(祭祀祖先、太陽神、月亮神)、沙娃衣冠塚與馬佛古戰場(卑南族與太巴塱、奇美阿美族人近200人，為營救阿美族沙娃公主引起事件)→「大地廚房」大灶飯與稻草桶仔雞→「迎賓之夜」歌舞或｢阿道行動藝術｣。早餐:自理。午餐:渡邊吉海秧。晚餐:阿山大地廚房。第二天：小農謝新福家「穀倉旁的新米早餐」→體驗馬佛教會原住民語禮拜→加里洞部落(小農米場與香茅油廠參觀體驗)→鳳林日式煙樓→鯉魚潭樹屋下午茶→慶修院(七腳川事件與日本移民村)→花蓮火車站。早餐:自理。午餐:山興部落廚房 或 月蘆客家風味餐。 晚餐:自理 。","全年","二個太陽一個月亮","1.馬太鞍溪無毒農場--回家種田 ：阿昌五年前從臺北返鄉(太巴塱)，利用家鄉豐沛水源和純淨的水質，投入無毒農業的發展，用有機肥改變土壤的酸鹼值，休耕期間灑下油麻菜種仔當堆肥，大片的油菜花田倒成了過年期間的花海，經4--5年改良，栽培出高纖維低熱量的養生米。2.渡邊吉海秧的故事 ：園區從日據時代已經存在，日治時期是河床地，山區有大新瀑布帶來豐沛水源，地表看不到水流，但地下伏流密佈，形成很多沼澤地無法耕種，阿美族人稱為「吉海秧」，是水源充沛也是自然湧泉的意思，60年前高有民的父親只好挖池子養魚，當年魚、蝦、螺很多，不少人跑到這裡抓魚、偷魚、電魚，父親自糖廠退休後才真正到這裡，後來高有民接手繼續養魚，96年開始養吳郭魚(臺灣鯛)，97年渡邊惠子返鄉看到這裡水質極佳，於是商量一起合作，並命名為「渡邊吉海秧」。","臺灣原住民農經發展協會蘇建昌理事長 ：0933-234228。吉海秧高有民總經理 ：0937-947688。大地廚房蕭明山 ：0916-284-266。小農餐謝新福(大象) ：0910-130781。","7-8月豐年祭","Ngaay ho kiso 你好 Aray謝謝","15人","約4200元","渡邊吉海秧民宿、渡邊社長的家、馬太鞍驛站、欣綠農場石頭屋、盛夏的軌跡","2012拜訪部落"
70,"20130601","學習土地倫理--巒山森林博物館","布農族","臺東縣","由池上循20甲省道進入南橫公路上的初來檢查哨，全程5.8公里；若由臺東方向北上者，至海端時，循20號省道直驅出來。","第一天 ：海端鄉(布農族文物館)→拉瑪達星星雕塑像(布農族抗日英雄)→南橫東段精華(霧鹿部落、古炮臺、霧鹿國小、霧鹿事件)→霧鹿古道、溫泉→延平鄉紅葉少棒紀念館→布農部落→鸞山森林博物館→夜間觀察、大自然的交響樂章。早餐：自理。午餐 ：天龍飯店。晚餐 ：森林博物館(自己劈柴煮飯)。第二天 ：森林早餐→向土地、森林學習(生態智慧教育、獵人學校、布農族古老傳說、整地、種樹或農作物)。森林午餐→駐村藝術家參訪→→九鳥陶燒→鹿野火車站。早餐 ：森林早餐。午餐 ：森林野味餐。晚餐 ：自理。","全年","兩個太陽一個月亮","1.走訪東部布農族郡社群--南橫東段部落風景，探訪1943年黑澤隆朝採集布農歌謠--祈禱小米豐收歌(八部合音)的原鄉，歷史事件與族人遷移史。2.重回1968年紅葉少棒打敗日本和歌山明星棒球的故事，它是臺灣棒球王國關鍵點，也是起點，那些紅葉小將的故事您知道嗎?他們在那裏?3.駐村藝術家--九鳥陶燒，廖光亮帶您進入原住民的陶藝世界。4.阿力曼自東華大學研究所畢業後，回到故鄉巒山，成立一個連地標都沒有的森林博物館，向土地學習一顆尊敬、謙卑的心，在森林裏您試著去聆聽，去攀爬，去感受森林為人類所做的一切。這是一個有生命、會呼吸，連樹都會走路的森林博物館。5.您多久沒聽得到風、鳥、蟲的聲音，您多久沒有與星星對話？這趟行程可以讓自己安靜一下，您可以聽到森林在說話。","鸞山森林博物館館長/王土水(阿力曼) 0911-154806。","5月射耳祭","Mihumisang你好Uninang謝謝","20人","約4800元","布農族傳統茅草屋 ","2012拜訪部落"
71,"20130601","烏來溫泉--野要-獵人學校野趣體驗一日遊","泰雅族 ","新北市烏來區","1.臺北→羅斯福路→北新路→北宜路→新烏路→烏來。2.宜蘭→北宜路→新烏路→烏來。3.中山高 ：圓山交流道→建國南北快速道路→辛亥路→基隆高架道路→新店環河快速道路→碧潭→北宜路→新烏路→烏來。4.北二高 ：新店交流道→北宜路→新烏路→烏來。","新店捷運站→屈尺(泰雅遷移史)→泰雅博物館館內導覽→野要獵人學校(竹筒飯DIY、野炊進行式 (獵人食物分享屋)、弓箭DIY/泰雅射日傳說、狩獵DIY/泰雅獵人技能、強羅櫻花公園步道導覽→烏來瀑布商圈、泡湯→新店捷運站。","全年","一個太陽","1. 野要獵人學校 ：為提倡自然生態保育觀念，近幾年獵人學校遍及原鄉部落，各有不同主體挑戰與趣味，野要森林獵人學校(福山、給樹的家)是最靠近都會區的獵人體驗區，女主人黃愛珠曾是烏來山地文化表演臺柱，也是烏來區休閒產業發展協會理事長，對於泰雅傳統文化、烏來的過去與現在發展歷史，都能夠深度與旅客分享，在這裏您必學習觀察環境、尊重傳統自然禁忌、炊煮竹筒飯、製作陷阱、泰雅歌舞演習、獵人智慧、張弓射箭，這些體驗希望能融入現代生活中，渴望有一點簡單的快樂。","烏來區休閒產業發展協會理事長黃愛珠 0925209586。","8月感恩節","Lokah su你好  Mhuway su 謝謝你","15人","約1200元","無","2012拜訪部落"
72,"20130601","Hnuway水資源生態教育步道~高義蘭.比亞外泰雅生態文化體驗","泰雅族","桃園縣復興鄉","1.臺66線東西向快速道路往大溪方向→大溪交流道下→臺3線(員林路)→沿指標可至。2.臺北→國道三號→三鶯交流道→復興路→中山路→仁愛街→中園街→中正路→大埔路→臺七乙→北部橫貫公路→高義蘭部落。","第一天 ：桃園縣原住民文化會館→高義蘭部落(部落文化導覽、泰雅生態文化體驗)→Hnuway水資源生態教育步道→泰雅DIY→達觀之夜(泰雅歌舞帶動跳) 。早餐 ：自理。午餐：部落風味。晚餐 ：泰雅灶腳。第二天 ：早晨的陽光→拉拉山神木(泰雅神話與民俗植物)→比亞外部落→羅浮雙橋→角板山歷史文物館→斯嘎蓋打啦。早餐 ：活力早餐。午餐 ：納桑麻谷餐廳。晚餐 ：自理。","全年","兩個太陽一個月亮","1.  Hnuway水資源生態教育步道 ：社區共識是目前部落重建的普遍認知，高義蘭部落經由高義社區發展協會的努力，在Hnuway溪邊，設置生態步道。步道全程隨著溪岸的地形，以完全不破壞自然為出發點。應用天然木板、架棧道、砌石階，提供給遊客安全，與部落族人一起親近Hnuway水源生態。2.羅浮雙橋 ：復興鄉有兩座著名的跨河大橋就是【復興橋】和【羅浮橋】，為北橫公路名勝之一。【復興橋】和【羅浮橋】兩橋相隔100公尺，並列而行，橋身一為紅色、一為淡紫；一宏壯、一優美，雙橋與山光水色相輝映，成為吸引遊客駐足的景點。3.比亞外有機農園生態體驗 ：三、四千年以來泰雅族在山上過者狩獵農作、自給自足的簡單生活，部落謹記遵守部落傳統的規範紀律，不願過度開發土地及漁獵資源，只從大自然取得最基本的生活需求，代代相傳了數十世紀。如果您嚮往大自然，樂於了解泰雅族與自然環境的相處模式，以及祖先們所遺留下來的生態智慧，和農村生活的小趣事，歡迎您帶著開放的心和親朋好友來到比亞外。","桃園縣復興鄉高遶部落文化產業發展協會/簡月香 03-3821362。高義社區發展協會 姜裕福  0936-916601。","8月感恩祭","Lokah su你好  Mhuway su謝謝你","15人","約3900元","達觀渡假農場、部落寄宿家庭","2012拜訪部落"
73,"20130601","嘎色鬧泰雅農夫~竹頭角木琴樂舞一日遊","泰雅族","桃園縣復興鄉","臺66線東西向快速道路往大溪方向→大溪交流道下→臺3線(員林路)→沿指標可至。","桃園縣原住民文化會館(大科坎群編織密碼、駐村藝術家米路.哈勇幾米繪畫創作)→樂信瓦旦紀念公園(泰雅族林瑞昌與阿里山鄒族高一生，兩位原住民的智者，在交替的年代被犧牲了)→嘎色鬧部落廚房風味餐→嘎色鬧部落有機蔬果DIY→竹頭角泰雅木琴樂舞展演→那山咖啡下午茶(迪瓦斯的故事)→斯嘎蓋打啦(回程)。","全年","一個太陽","1.嘎色鬧部落 ：嘎色鬧以豐富的自然資源為傲，尤其是在冬天時節，常常被山嵐霧氣所籠罩，因此孕育著豐富的野生動物以及獨特的山林植物，在教會牧師帶領下居民自行栽種蔬果農作，包含五月桃、綠竹筍、高山蔬菜、生薑…等，提供就近都會友人農夫耕植體驗樂趣。2. 竹頭角部落 ：泰雅族的古老傳說您聽過嗎？從不會看譜到會看豆芽樂譜，樂團們僅花兩個月就學會，竹頭角部落的美景，竹頭角木琴樂舞，等著您來鑑賞，優閒的品嚐那山咖啡。","桃復興鄉觀光導覽協會/林英蘭 0975-780017。桃園縣復興鄉長興社區發展協會曾俊明總幹事/0921-211571。","8月感恩節","Lokah su你好  Mhuway su謝謝你","15人","約1600元","無","2012拜訪部落"
74,"20130601","大隘賽夏矮靈祭--清泉故事篇","賽夏族","新竹縣五峰鄉","經北二高竹林交流道（90Km）→120線道→右轉竹林大橋至竹東→122線道南行抵五峰鄉。","第一天 ：竹東→五峰日據神社遺址→大隘文物館、矮靈祭場→民都有雕刻園區(木雕藝術、賽夏編織、生態導覽)。早餐 ：自理。午餐 ：五峰在地美食。晚餐 ：民宿私房菜。第二天 ：白蘭部落→張學良故居(東北張少帥被蔣介石軟禁之地)→清泉天主堂(丁松青神父玻璃藝術)→三毛故居(短暫停留寫書，1983年至1986年幫美籍丁神父翻譯著作→「清泉故事」、「剎那時光」、「蘭嶼之歌」三本書)→清泉溫泉/清泉咖啡→竹東。早餐 ：自理。午餐 ：白蘭農場或清泉部落廚房。 晚餐 ：自理 。","全年","二個太陽一個月亮","1. 五峰大隘矮靈祭-巴斯達隘 ：賽夏族以鵝公髻山為界，分南北賽夏兩群，賽夏族祭典是以矮黑人傳說為典故，全靠長老口耳代代相傳，得以完成祭儀。相傳賽夏族與達隘族隔河同居，達隘人身高不及三尺，行動敏捷、矯健，擅農事及巫術，達隘族人教導賽夏族人耕作，年年豐收，自給自足，年年達隘族受邀宴同樂，常調戲賽夏族婦女，引起部落青年不滿設陷報復，僅倖存兩位老者，其餘全掉落山谷，兩位達隘老者教授祭歌給賽夏族人，隨即往東方離去，再也沒有人看見矮黑人。從此少了達隘族人幫忙，耕稼農事年年欠收，部落也多次發生嚴重的瘟疫，族人病死慘重；從此長老們決定以感恩、贖罪的精神舉行巴斯達隘矮靈祭，祈求部族平安，農耕豐收。","新竹縣五峰鄉部落多元經濟產業文化發展協會/趙心慧 03-5851046。新竹縣鵝公髻山多元文化產業發展協會/趙郁清 0975-582927。","奇數年 ：11月矮靈祭(2年一祭.10年一大祭)。偶數年 ：祈天祭 
","So’o Kayz aeh ay你好Ma’alo謝謝","15人","約3900元","民都有雕刻園區民宿、白蘭山莊、天山休閒農場、大隘櫻之林休閒農場、巴斯瓜藍民宿…等","2012拜訪部落"
75,"20130601","泰雅千年-- SMANGUS-泰崗伊汎長老秘密花園有機餐","泰雅族","新竹縣尖石鄉","1.關西交流道下，循118縣道至關西，接臺3線往橫山方向，於十分寮轉120縣道東行7公里，即達尖石鄉。全程約23公里。2.竹林交流道下，循120縣道16公里，即達尖石鄉，往秀巒、泰崗牌樓前右轉過一個山頭就到司馬庫斯。","第一天 ：竹東→尖石鄉(錦屏大橋泰雅雕像)→那羅村天主教堂(電影老師斯卡也答那的回憶，蘇麗雲修女26歲從義大利帶著上的愛，來到那落照顧部落小孩，傳上帝的愛)→泰崗部落(伊汎長老的密秘花園、有機疏果區、爺爺的博物館、養生醋)→司馬庫斯部落導覽(Koraw自然生態公園，森林小學、基督長老教會、司立富觀瀑步道)→部落咖啡屋→分享之夜(司馬庫斯的共管機制、傳統GAGA文化與現代主流對話) 。早餐 ：自理午餐 ：伊汎長老松木烤肉+有機蔬果餐晚餐 ：司馬庫斯部落餐廳 。第二天 ：森林的早晨→檜木原始森林健行(生態界譽為全世界保存紅檜扁柏最原始森林，部落專人導覽泰雅族傳統領域與生態保育、小米田種植)，來回健行約5小時→內灣老街(懷舊小吃與劉欽興漫畫館)→竹東。早餐 ：活力早餐。午餐 ：司馬庫斯部落參廳。晚餐 ：內灣老街美食(自理)。","全年","兩個太陽一個月亮","司馬庫斯 SMANGUS ：1976年以前這個地方沒有電，族人每天得花數小時以徒步方式越過河谷到達新光部落，利用當地的道路和外界聯繫、取得民生物資、小孩就學。過去被稱為「黑色部落」。1990年司馬庫斯頭目與部落族人思考未來發展，決定以?社區共營?的方式經營部落。2012年英國導演強生與史密斯，費時一年記錄司馬庫斯部落族人，如何遵循先人的智慧回復泰雅族傳統，透過檜木群的發現，引導部落經營生態旅遊、環境保育。這部紀錄片已獲美廣電界最具權威的PEABODY大獎。","司馬庫斯旅遊服務中心 03-5847688。部落達人 ：伊凡˙度耀 0919-717184。","8月 感恩祭","Lokah su你好Mhuway su謝謝你","15人","約4900元","司馬庫斯恩典之家系列","2012拜訪部落"
76,"20130601","雪見舞動森林~天狗部落.象鼻古道健行","泰雅族","苗栗縣泰安鄉","1.中山高(國道1號)下苗栗交流道，接臺６線(或接臺72線)至大湖市區，續轉(苗61線)，過中興檢查哨後沿指標(梅園、象鼻、士林)直行即可到達(山區無加油站設備，請於平地加滿油後前往)。2.中山高豐原路段轉國道4號往石岡、東勢方向，下石岡交流道後，接臺3線續往東勢，進入東勢鎮後，走豐勢路至第一橫街左轉東崎路(中47線)往達觀、象鼻方向前行，沿途經竹林、達觀、桃山等部落後，循象鼻或梅園指標即可到達。
","第一天 ：卓蘭→象鼻部落古道健行(長3公里的日據理蕃古道)→野桐工坊文化園區(從博物館找回泰雅傳統服飾，讓失傳沒落的編織文化再現)→泰雅營火晚會(頭目營火相傳、泰雅歌舞、泰雅婚禮、打麻糬)→夜宵(碳烤燒)。早餐 ：自理。 午餐 ：部落廚房。 晚餐 ：達啦灣文化園區。第二天：天狗部落與紋面耆老有約→雪見森林遊憩區(臺灣首座生態公園示範區)、司馬限林道、二本松駐在所丸田炮臺、舞動森林劇場→大安溪部落共同廚房(蔬果、農特、工藝、美食)→卓蘭。早餐 ：活力早餐  午餐 ：大安溪共同廚房 或 雪見森林野餐  晚餐 ：自理 。","全年","	兩個太陽一個月亮","1. 大安溪部落共同廚房 ：921大地震後，大安溪部落工作室的林建治和黃盈豪蓋了一間部落共同廚房，實踐了部落共食共享、互相照顧的傳統文化。2. 野桐工坊泰雅染織文化園區野桐工坊主人尤瑪．達陸，從她的外祖母身上，學會了各種傳統織布的技巧，造就了實務與學術兼俱的國寶級泰雅染織編織大師。","達拉灣文化園區民宿黃文志037-962349。大安溪部落共同廚房 04-25911550、25911056。","8月感恩節 ","Lokah su你好 (加油) Mhuway su謝謝你","15人","約4900元","達拉灣文化園區民宿 黃文志037-962349 大安溪部落共同廚房04-25911550、04-25911056","2012拜訪部落"
77,"20130601","與GAYA的約定--賽德克巴萊","賽德克族 ","南投縣仁愛鄉","中山高→中港交流道→中彰快速道路→草屯交流道下→國姓→埔里，循臺14線(中潭公路)到達埔里地區，再往霧社方向前進，位於臺14線約74公里處往霧社、合歡山中途的大觀橋與仁愛橋間，即可見到人止關的一座公園紀念碑直立在路邊。"," 第一天 ：埔里→人止關→仁愛鄉霧社事件歷史回顧(日人霧社事件殉難殉職之墓→霧社公學校遺址→莫那魯道紀念碑)→(巴蘭社→霧社)→司庫社(雲龍橋) →羅多夫社→參訪荷歌社手工藝工作室?塔洛灣社→馬赫坡→感恩歡樂聚會營火之夜(營火晚會+BBQ)。宿：霧社露比景觀民宿、春陽櫻花村民宿、美燕坊民宿、部落尋奇溫泉民宿。早餐 自理 。午餐 紹興宴或香草餐。 晚餐 ：營火BBQ 或 風味餐。第二天 ：馬赫坡古道或荷戈富士山(花崗二郎走上彩紅橋最後場景)→眉溪賽德克公主工藝坊→清流(川中島)→清流遺生紀念館、部落工藝坊→力馬生活工坊。早餐 ：簡餐 。午餐 ：眉溪(泰雅風味)。晚餐 ：力馬生活工坊。","全年","兩個太陽一個月亮","1.從行程中認識gaya(gaga)在賽德克族人或泰雅族人文化中意義。2.從巴蘭社起尋找1931年10月27日霧社事件現場，無論紀念碑、傳統建築遺址，老人口訴，在那個大時代已是相對和平穩定的環境裏，為何會爆發如此震驚世界的對日戰爭？3.清流部落探訪德奇達雅群遺孤的部落，在地部落導覽人員過去少有聽到的賽德克族傳統的故事。4.清流部落體驗原住民工藝坊。","部落達人 ：潘杰(頭目)0932-553734。賽德克公主 0980-618791。","12月收穫節 ","malusu 你好 Mahuway su balay 謝謝","20人","約4900元","霧社露比景觀民宿、春陽櫻花村民宿、美燕坊民宿、部落尋奇溫泉民宿","2012拜訪部落"
78,"20130601","發現巴庫拉斯--布農族古老部落自然遺址","布農族","南投縣信義鄉","國道一號 ：由中清交流道下，接中彰快速道路至臺14線，轉國道三號由竹山交流道下，續行臺3線至水里接臺16縣道即可到達地利、潭南、雙龍部落。","第一天 ：竹山→沉潭荷花田→潭南國小(傳統與現代建築)、雙龍國小(祖先的腳步與)→達瑪巒文化藝術團展演(布農族生命祭儀，含世界著名的八部合音、古南島民族原始的弓琴、五弦琴表演)→巴庫拉斯的幽靜與夜晚。宿 ：阿力曼山莊 或 蘇斯共農莊 或 巴庫拉斯生態農莊。早餐 ：自理。午餐 ：沉潭荷花田。晚餐 ：阿力曼山莊 ：原住民風味+烤全豬(山胡椒鹽烤山豬)。第二天 ：日出→巴庫拉斯古老部落探索(舊部落+室內葬遺址，關門古道、日本番童教育所、濁水溪涉水體驗)→蘇斯共農莊下午茶(布農族香草茶)→力馬生活工坊人文藝術餐廳(原客風味+卑南古調演唱)。早餐 ：部落早餐。午餐 ：部落野味餐。 晚餐 ：力馬生活工坊。","全年","兩個太陽一個月亮","1.探訪布農族古老部落(報戰功舊部落廣場、石板傳統屋、蕃童教育所)。2.夢幻瀑布山泉SPA (原住民個人傳統領域)。4.達瑪巒布農族傳統歌謠，瞭解布農族生命祭儀，體驗布農族杵音敲打樂趣。5 921地震後重建的特色國小--潭南國小參訪。6.濁水溪涉溪，體驗水流、滾石、河岸赤腳的大自然。7.原住民風味餐+布農族烤豬，力馬生活工坊人文藝術空間+卑南古調欣賞。8.您多久沒聽得到風、鳥、蟲的聲音，您多久沒有與星星對話、欣賞晚霞之夜?","達瑪巒原住民重生協會 049-2742108。部落達人 ：金雅惠 0916-040691。","5月 布農族射耳祭、播種祭","Mihumisang你好Uninang謝謝","25人","約6500元","阿力曼山莊、巴庫拉斯農莊、蘇斯共農莊","2012拜訪部落"
79,"20130601","開門見玉山--望鄉部落.八通關古道","布農族","南投縣信義鄉","1、國道一號 ：由中清交流道下，接中彰快速道路至臺14線，轉國道三號由竹山交流道下，續行臺3線至竹山，接集山路至中和國小沉潭巷轉彎即可到達沉潭荷花田陶工房。2、國道三號 ：由竹山交流道下，續行臺3線至竹山，接集山路至中和國小沉潭巷轉彎即可到達沉潭荷花田陶工房。","第一天：烏日高鐵站→南投竹山鎮→沉潭荷花田→望鄉部落(臺灣唯開門見玉山的部落，也是植種萬櫻萬楓的部落、布農族傳統與現代歌舞展演、布農族年青文學家~乜寇．索克魯曼｢豆類媽媽的故事｣一個部落傳統農作物的在地行動→東埔溫泉SPA。早餐：自理 。午餐 沉田荷花田李媽媽私房菜。晚餐：東埔在地美食。第二天：八通關古道健行(父不知子斷崖→樂樂谷或雲龍瀑布，全程約五小時)→信義酒莊(山豬迷路)→久美部落(最北的鄒族)→豐丘葡萄→烏日高鐵站。早餐：活力早餐。午餐：在地風味。晚餐：自理。","全年","二個太陽一個月亮","1.東埔望鄉部落：望鄉位於阿里山脈的中段，海拔900公尺的陳有蘭溪之河階臺地上。氣候晴朗時可直接眺望玉山北峰及主峰，有著『開明見玉山』的美名，年平均溫度約20度，為最佳避暑勝地。在地居民皆為布農族巒社群，分別來自巒大山及郡大山中游流域十幾個聚落的居民，原所在地是鄒族Joqtu社群的祖居地，1938年理番政策被日本集團移住此地。｢望鄉｣是日本人取的，因盛產一種名叫kalibu的植物，後來族人稱本地為kalibuan。望鄉部落家家戶戶門口皆寫有家族事蹟，外人一看就知到這個家族的來歷。這裏也出現原住民第一位派任駐斐濟大使的尤哈尼˙伊斯卡卡夫特。","臺灣原住民部落永續發展協會 呂淑美 049-2702170。望鄉旅遊服務中心 049-2702683　049-2702681。","5月射耳祭","Mihumisang你好Uninang謝謝","25人","約4500元","望鄉民宿區、帝綸大飯店、沙里仙溫泉渡假村","2012拜訪部落"
80,"20130601","塔山下的幸福--來吉部落˙鄒式下午茶","鄒族","嘉義縣阿里山鄉","1.由南二 ：高下中埔交流道→往觸口，接阿里山公路→至石棹(約臺18線49公里處)→轉169線道→過奮起湖接嘉155縣道前行，即可抵來吉。2.由中山高 ：下嘉義交流道→159縣道至嘉義市→沿臺18號省道(世賢路、吳鳳南路)接阿里山公路上山→至石棹桌(約臺18線49公里處)→轉169線道→過奮起湖接嘉155縣道前行，即可抵來吉。","第一天 ：竹山→草嶺→來吉部落(工藝藝術家部落巡禮、石頭教會、塔山工作室之鄒族音樂奇女子→白紫、天水木雕工作室、藝術餐廳→洗衣板女人)→阿里山鄒族之花→→湯蘭花的家→鄒族戰舞之夜+營火晚會(哈莫瓦那舞團表演)→夜間觀察(生態解說)。早餐 自理：午餐 來吉部落。晚 ：鄒族風味餐、竹桶飯、附鄒族傳統小米酒。第二天 ：部落創意產業DIY〈自製竹杯、存錢筒、祭典竹鳴器、湯瓢、竹敲、酒壺等〉有機愛玉子體驗，教您洗愛玉子，製作天然愛玉果凍→奮起湖森林鐵道文化→樂野部落尋找鄒族遷移歲月→鄒式下午茶 (阿里山咖啡王子、阿將的家)。早餐 簡餐。午餐 阿將的家或優巴思或山樂園。晚餐 ：自理。","全年","兩個太陽一個月亮","1.尋訪鄒族聖山--塔山下部落田園。2.湯蘭花的故鄉(鄒族第一位歌星) ：來吉部落巡禮、來吉石頭教會、皮雕藝術、部落產業工坊。3.鄒族戰舞之夜--看見的鄒族青年力與美。4.造訪鄒族藝術村--樂野部落，認識鄒族人文故事。5.阿里山森林鐵道--奮起湖站，見證世界三大森林鐵道與老街風情。","蘭后民宿(05)2661-1720 0911-179902。來吉村長陳有福 0934-179197。","2月戰祭、3月貝神祭、米貢祭","Yokeoasuu祝您順利.健康. Aveoveoyu 謝謝 (您好)","20人","約4900元","蘭后民宿、哈莫瓦那、來吉鄒族渡假村","2012拜訪部落"
81,"20130601","那瑪夏區--布農族藝術生態","鄒族、布農族","高雄市那瑪夏區","1. 臺20線 ：玉南公路從玉井往左鎮、新化、永康到臺南，為本區主要交通要道。 2. 臺3線 ：從楠西經玉井到南化為一連繫各觀光遊憩據點的景觀道路。 3. 東西向快速道路（臺84線） ：從玉井經大內區至北門區，現已完成玉井到省道臺一線部份，可連接麻豆交流道或走臺一線到新營交流道上中山高速公路。","第一天：玉井(焦吧年事件紀念碑)→甲仙(芋頭、竹筍故鄉)→工藝坊體驗DIY(海舒兒陶藝工作坊、銀寶布農文化工作室、築夢工坊)→那瑪夏布農族營火之夜。早餐：自理 。午餐：甲仙鄉村風味餐。 晚餐：布農族風味餐 。第二天：那瑪夏→五里埔平埔文化館｢小林夜祭與文物典藏｣、小林紀念公園→高雄杉林大愛園區(假日市集)→旗山老街→高雄火車站。早餐：自理。 午餐：布農族風味餐。 晚餐：自理。","全年","兩個太陽一個月亮","1.那瑪夏區：那瑪夏區舊名瑪雅，原為南鄒族卡那卡那富群居住地，日治時期稱為「瑪雅峻」，二戰後稱為「瑪雅鄉」，1957年間，鄉名更改為「三民鄉」，族人常開玩笑說這裡是國父第一個完成三民主義的地方，2008年1月1日正名｢那瑪夏鄉｣，之後配合高雄市改制，升格為瑪夏區，此處擁有多元的族群，包含鄒族、布農族、排灣族、泰雅族及客家和福佬人，交織出不同的文化藝術，尤其原住民的傳統特色文化，依靠著全臺第一條生態保育河川、養育族人的楠梓仙溪，孕育豐富那瑪夏的文化瑰寶生命力。","南橫三星遊客服務中心，07-6752818。海舒兒文化陶藝工作室 07-6701566。","5月布農族射耳祭、農曆9月15日夜祭.","鄒族：Yokeoasuu你好Aveoveoyu謝謝布農族 ：Mihumisang你好Uninang謝謝","15人","約3500元","李元新民宿 、巴尼蓋休閒農莊民宿、呼頌民宿渡假村、麥布拉庫民宿、寧妮谷民宿","2012拜訪部落"
82,"20130601","魯凱下三社--茂林原住民人文三黑產業","魯凱族","高雄市茂林區","1. 國道3號下田寮交流道，接省道臺28線東行，經旗山市區過旗尾橋，至美濃後循延平二路可抵。2. 國道3號經燕巢系統交流道，轉國道10號下旗山端直行，接鄉道高140線(旗屏一路)到底，右轉省道臺28線(延平二路、中興路、中華路) ，約10公里後可抵。","第一天 ：高雄左營高鐵站→竹子門發電廠(日據時期巴洛克式建築水力發電廠)→新威森林→新威大橋→情人谷→紫斑蝶生態園區→烏巴克工藝坊→石破天驚文創工作室 (重現萬山石雕的密碼)→多納高吊橋→多納部落。早餐 ：自理。午餐 ：美綠園生態農場客家風味。 晚餐 ：魯凱風味餐。第二天 ：多納部落巡禮(會呼吸的石板屋、勇士之路、祭人頭臺、紅塵峽谷)→多納古戰場(1903年屯子役事件、族人聖戰之地德德山)→茂林小米酒之家→六龜育幼院(楊恩典的故事)→高雄左營高鐵站。早餐 ：自理。午餐 ：多納在地風味或扇平山莊晚餐 ：自理。","全年","兩個太陽一個月亮","1.茂林三黑產業 ：茂林的紫班蝶、萬山岩雕、多納黑米祭為茂林新興三黑產業。結合自然生態、神秘萬山岩雕工藝、傳統與創新的黑米祭，搭配傳統祭儀Tapakarhavae（稻米祭）造就多納獨有的黑米文化，推動原鄉產業的活力與青年回鄉在地就業。","高雄縣茂林社區發展協會(07)680-1996。高雄縣茂林鄉多納社區發展協會/洪柳治理事長0975-067026。","10月小米祭、11月多納村黑米祭","Margagi musu你好Takdrengesu謝謝","30人","約4000元","友生民宿 、古木拉民宿渡假村、阿拉斯民宿、多納民宿、嘟芭灣休閒農場","2012拜訪部落"
83,"20130601","山中古國--阿禮.霧台石板藝術村","魯凱族","屏東縣霧台鄉","1. 南二高(3號)→至長治交流道下→往三地門鄉(臺24線)即可到達。2. 中山高(1號)→於新市上(8號)東西向道路 →接南二高(3號)→至長治交流道下→往三地門鄉(臺24線)即可到達。 ","第一天 ：高鐵(左營)→三地門→三德檢查哨→阿禮部落巡禮(天主教堂、 頭目家屋廣場、Sasala古道生態步道)→阿禮古國晚宴→魯凱族傳統歌謠傳唱。早餐 ：自理。午餐 ：在地美味。晚餐 ：阿禮傳統風味。第二天 ：早安賞鳥、看山、看雲、大口呼吸→阿魯灣古道井布山(為過去阿禮、舊好茶兩部落血源一家親的姻緣路)→霧臺石板藝術村巡禮→高雄(左營)。早餐 ：活力早餐。 午餐 ：部落風味。晚餐 ：自理。","全年","二個太陽一個月亮","1. 雲端上的新故鄉--阿禮 ：阿禮是由巴里歐社區、巫瑪巫瑪社區構成，太麻里溪、臺東嘉明湖、知本溪、大小鬼湖、舊好茶、阿魯灣古道…，一條條古道、獵徑從耆老及獵人游移的指間，處處是飛禽走獸、魚蝦、原始檜木林等萬物百態，在老人的記憶中豁然出現，可想像當年族人的生活是有多麼豐富。","蘇木古民宿 古秀惠 08-7902141 0912-786619。阿禮部落行程邱鈺惠 0930-113-383。屏東科技大學森林系社區林業研究室08-7740475。","7月 小米祭","Margagi musu你好Takdrengesu謝謝","6人","約4200元","蘇木古民宿、拉灣民宿、大頭目民宿、阿明的店","2012拜訪部落"
84,"20130601","等待飛魚--蘭嶼雅美族旅人日記","雅美族","臺東縣蘭嶼鄉","到蘭嶼可以選擇海路或空路，海路可以從臺東的富岡漁港搭乘交通船前往，直達航程約2.5個小時，空路於臺東豐年機場搭19人座的雙螺旋槳的丹尼爾型飛機往蘭嶼。","第一天：臺東富崗碼頭搭船往蘭嶼(船行約2.5小時)→機車環島(漁人村、野銀社地下屋建築美學與傳統智慧、耆老吟唱古調、東清村、雙獅岩、情人洞、朗島村、蘭嶼燈塔、黃昏市集)→紅頭村海灘賞夕陽 。宿:蘭嶼民宿。早餐:自理 。午餐:海老人海鮮餐廳。晚餐:無餓不坐餐廳。第二天 ：東清灣觀日出→健行遊天池、回音谷（雅美族嚮導帶領觀賞熱帶雨林生態、雅美族造舟民俗植物）→自費活動（浮潛、拼板舟體驗）→青青草原→夜間觀察(夜訪角鴞、潮間帶生態)。宿:蘭嶼民宿 。早餐:阿力給 。午餐:蝴蝶蘭(紅頭村)。晚餐：浪島丁字褲BBQ。 第三天 ：雅美族工藝家（駐村藝術家）→蘭恩文物館→開元港→臺東。早餐:自理。午餐:自理。晚餐:自理。","3月至9月","三個太陽二個月亮","1. 探訪女人的芋頭田、男人的海世界；智慧與自然的地下屋-自然與空間的美；拼板舟、靠背石、重視生態與永續的人文故事。2. 全程邀由雅美族人解說蘭嶼文化、生態旅遊、部落尋訪，深入認識雅美族的世界。3. 蘭嶼風味餐 ：地瓜、芋頭、飛魚、深海魚、原漢風味。4. 拜訪駐村藝術家或文學家。5.住宿蘭嶼特色民宿，讓您深入體驗蘭嶼風情。","周朝清(外號 ：夏曼21) 0911-224317. 黑妞部落民宿(野銀)089-73296。","飛魚季3-6月、船祭、6月收穫祭","Akokay你好Ayoy謝謝","20人","約12000 元","蘭嶼特色民宿(老鍋蓋、飛魚文化館、藍海屋、飛魚故鄉、主恩、蘭恩文教基金會)、蘭嶼別館、蘭嶼海洋國際大飯店","2012拜訪部落"
85,"20130601","不一樣的月光--南澳人文記事一日遊","泰雅族","宜蘭縣南澳鄉","國道五號 ：由國道一號(中山高)至汐止系統交流道轉走國道五號(北宜高速公路)→過雪山隧道由頭城交流道下，轉省道2線，接臺9線由漢本隧道至溪邊停車場，再攀爬步行蜿蜒山谷小徑約十多分鐘即可到達澳花瀑布。","和平站或漢本站→澳花部落(澳花瀑布、澳花國小)→武塔部落(沙韻橋、紀念碑、武塔國小)→金岳村(林慶臺的故鄉、沙韻紀念鐘、金岳基督長老教會)→南澳泰雅博物館→南澳泰雅鞋創意工坊+南澳咖啡→南澳火車站。","全年","一個太陽","1.澳花部落 ：這是賽德克巴萊飾演年青莫那魯道-大慶的故鄉，澳花瀑布是大慶最喜愛在其間戲水爬山的後花園，澳花國小成立於1927年，日據時期稱之為?臺北州蘇澳大濁水番童教育所?，校內有一棵600年的老樟樹，大慶的母校也有大家相同的童年記憶。2.金岳部落 ：發生於1935年泰雅族少女沙韻，為護送老師下山不慎落水失終。故事傳唱至今，舊部落已遷移至現在的金岳村，林慶臺未出道前在部落的教會傳福音，這裏有美的村莊與感動的故事。3.南澳泰雅鞋創意工坊 ：南澳是2011年原民會永續部落產業輔導社區。泰雅鞋的源起是社區發展協張遴，無意中結識了在臺灣、印尼及大陸從事製鞋業已有41年的製鞋師傅陳衛國，於是南澳社區成立了「泰雅創意製鞋工坊」，全力發展泰雅手工鞋，將泰雅族的圖騰與編織技術表現於上，發展在地特色，並為社區創造在地就業。","宜蘭縣南澳鄉金岳社區發展協會陳芃伶 (03)9984313。南澳建華冰店 03-9355385。宜蘭縣南澳鄉南澳社區發展協會理事長 張遴 (03)9981611。","8月感恩節","Lokah su你好Mhuway su謝謝你","15人","約1500元","無","2012拜訪部落"
86,"20120601","台灣原住民族文化園區建議行程─一日遊-1","","屏東縣","","台灣原住民族文化園區─三地門藝術村","","","","","","","","","",""
87,"20120601","台灣原住民族文化園區建議行程─一日遊-2","","屏東縣","","台灣原住民族文化園區─賽嘉國際航空公園","","","","","","","","","",""
88,"20120601","台灣原住民族文化園區建議行程─一日遊-3","","屏東縣","","台灣原住民族文化園區─好茶森林遊樂區","","","","","","","","","",""
89,"20120601","台灣原住民族文化園區建議行程─一日遊-4","","屏東縣","涼山瀑布 ：1. 自行開車 ：台24線往山地門方向→接185線道→涼山瀑布。2.大眾運輸 ：屏東客運往三地門方向→隘寮站下車→步行20分鐘→涼山瀑布。","台灣原住民族文化園區─涼山瀑布─舊筏灣部落生活體驗","","","","","","","","","",""
90,"20120601","台灣原住民族文化園區建議行程─二日遊-1","","屏東縣","","第一日 ：三地門藝術村─德文─霧台第二日 ：霧台─台灣原住民族文化園區─屏東市","","","","","","","","","",""
91,"20120601","台灣原住民族文化園區建議行程─二日遊-2","","屏東縣","","第一日 ：台灣原住民族文化園區─好茶森林遊樂區第二日 ：好茶森林遊樂區─三地村藝術村","","","","","","","","","",""
92,"20120601","台灣原住民族文化園區建議行程─三日遊-1","","屏東縣、高雄市","","第一日 ：台灣原住民族文化園區─德文─霧台第二日 ：霧台─三地門藝術村─賽嘉國際航空公園─大津瀑布第三日 ：茂林國家風景區─美濃客家村","","","","","","","","","",""
93,"20120601","台灣原住民族文化園區建議行程─三日遊-2","","屏東縣","","第一日 ：大鵬灣國家風景區─小琉球風景區─墾丁第二日 ：墾丁國家公園─三地門霧台第三日 ：涼山瀑布─舊筏灣部落生活體驗","","","","","","","","","",""
94,"20110601","伊屯社區遊覽","","","","部落巡禮(探訪南排灣族龜甲屋)→傳統手工藝品製作體驗→溯溪(伊屯野溪)→傳統美食製作→享用原住民風味餐; 伊屯社區遊覽價目表：成人500元， 小孩250元， 團體15人以上另有優惠(8折以下); ＊若有住宿另安排部落民宿：1→→3(人1間)1500元(含晚餐)， 3→→6(人1間)2000元(含晚餐)","","","","伊屯社區發展協會","","","","","",""
95,"20110601","排灣族北葉部落一日遊深度生態之旅","","","交通資訊 ：有屏24線、麟洛線、內埔線、沿山線匯入、距南二高約10分鐘車程. 建議路線 ：1. 屏東>麟洛>內埔>龍泉>原住民文化園區; 2. 屏東(122號省道)>長治>原住民文化園區。 自行開車之民眾可利用沿山公路自枋寮鄉匏子原 (台九線靠近往舂日鄉十字路口)>來義>泰武>瑪家鄉境>內埔鄉水門村>三地門鄉>賽嘉航空公園，>樹鄉大津終點出口.","白賓山健行登山運動→禮納里部落(Rinari)巡禮及體驗森林浴啡白賓山驛站原住民傳統風味餐及休憩→藝品區DIY教室及北葉部落藝術街巡禮→白賓山驛站景觀台沐浴夕陽茗飲咖啡→快樂歸賦 ","","","","北葉社區發展協會","","","","","",""
96,"20110601","排灣族北葉部落深度生態之旅","","","","欣賞原住民各族群傳統舞蹈→進駐瑪沙露飯店→用餐與午休→遊園區欣賞原住民傳統建築文物與體驗森林浴→盥洗與休息→北葉部落→自賓山驛站用餐→在地咖啡DIY→欣賞高屏平原夜間景色→體驗夜間自然蟲鳴鳥叫聲→瑪沙露飯店→選項1→ 健行登山運動; 選項2→原住民傳統工藝品; 選項3→部落巡禮→享用原住民傳統風味餐→原住民傳統工藝DIY與品味在地咖啡茶點→北葉部落巡禮→快樂回家","","","","北葉社區發展協會","","","","","",""
97,"20110601"," 雲霧山林--魯凱風情豐收節套裝遊程","","屏東縣三地門鄉","","第一天：山德哨辦入山證→遊客中心迎賓活動→丁秋英工作坊→TUTURANE瀑布→賞悅站特色餐廳享用午餐→岩板巷藝術街→杜巴男石板屋民宿→獵王之家→督姆古萊工作室→百合民宿→霧台基督長老教會→卡拉瓦民宿→達拉拔樣頭目家→魯凱文物館→夢想家民宿、特色民宿養精蓄銳→夜間活動 ：星星堆滿天或參與青年之夜; 第二天：山腳點特色餐廳享用美食→神山瀑布→神山愛玉→獵人便當→收拾行李賦歸","","","","霧台社區發展協會","","","","","",""
98,"20110601","雲霧山林--魯凱風情櫻花祭套裝遊程","","屏東縣三地門鄉","","第一天 ：山德哨辦入山證→遊客中心迎賓活動→丁秋英工作坊→TUTURANE瀑布→賞悅站特色餐廳享用午餐→沿路欣賞野生櫻花→岩板巷藝術街→杜巴男石板屋民宿→獵王之家→督姆古萊工作室→百合民宿→霧台基督長老教會→卡拉瓦民宿→達拉拔樣頭目家→魯凱文物館→夢想家民宿→特色民宿養精蓄銳→夜間活動 ：星星堆滿天或參與青年之夜;第二天 ：山腳點特色餐廳享用美食→神山瀑布→神山愛玉→獵人便當→收拾行李賦歸","","","","霧台社區發展協會","","","","","",""
